{
    "경제": 3.6838502883911133,
    "세계지리": 3.061450242996216,
    "수학Ⅱ": 1.8460159301757812,
    "화학Ⅰ": 2.4462099075317383,
    "생활과윤리": 3.287721633911133,
    "수학Ⅰ": 1.1920063495635986,
    "정보": 3.086057662963867,
    "한국지리": 3.1797988414764404,
    "물리학Ⅰ": 2.5034422874450684,
    "확률과통계": 3.2248752117156982,
    "미적분": 3.213473320007324,
    "실용경제": 1.2848223447799683,
    "경제수학": 0.6574302911758423,
    "영어Ⅱ": 0.6499208211898804,
    "교육학": 0.5989882349967957,
    "영어회화": 0.6946164965629578,
    "심리학": 0.6233710050582886
}