{
    "경제": 0.7981734275817871,
    "세계지리": 0.7320982217788696,
    "심리학": 0.765069842338562,
    "영어Ⅱ": 0.8112708330154419,
    "실용경제": 0.7522585988044739,
    "수학Ⅱ": 0.7545750141143799,
    "확률과통계": 0.7582612633705139,
    "화학Ⅰ": 0.7861707806587219,
    "생활과윤리": 0.7164804935455322,
    "수학Ⅰ": 0.7564048767089844,
    "교육학": 0.6523451209068298,
    "경제수학": 0.7992274761199951,
    "영어회화": 0.7959171533584595,
    "정보": 0.7714649438858032,
    "미적분": 0.7564420700073242,
    "한국지리": 0.7473554611206055,
    "물리학Ⅰ": 0.7758491039276123
}