{
    "수학": 0.7555629014968872,
    "통합사회": 0.7883490920066833,
    "과학탐구실험": 0.7393374443054199,
    "통합과학": 0.7835818529129028,
    "국어": 0.7044264078140259,
    "한국사": 0.7101346850395203,
    "영어": 0.7837941646575928
}