{
    "정보통신공학과": 0.7799025774002075,
    "경영학과": 0.8326818346977234,
    "인터넷정보학과": 0.7913265228271484,
    "정보통신과": 0.8164225816726685,
    "스마트정보과": 0.8350963592529297,
    "경영정보과": 0.8354591131210327
}