{
    "경제-세계지리": 0.7936976552009583,
    "경제-심리학": 0.8010290861129761,
    "경제-영어Ⅱ": 0.8294496536254883,
    "경제-실용경제": 0.8836628198623657,
    "경제-수학Ⅱ": 0.7977933883666992,
    "경제-확률과통계": 0.7993015050888062,
    "경제-화학Ⅰ": 0.8497035503387451,
    "경제-생활과윤리": 0.8263617157936096,
    "경제-수학Ⅰ": 0.7986728549003601,
    "경제-교육학": 0.7704116106033325,
    "경제-경제수학": 0.8373613357543945,
    "경제-영어회화": 0.801020085811615,
    "경제-정보": 0.8528392314910889,
    "경제-미적분": 0.7927296161651611,
    "경제-한국지리": 0.7820277810096741,
    "경제-물리학Ⅰ": 0.8536773324012756,
    "세계지리-심리학": 0.7654731869697571,
    "세계지리-영어Ⅱ": 0.787704348564148,
    "세계지리-실용경제": 0.81137615442276,
    "세계지리-수학Ⅱ": 0.7878289222717285,
    "세계지리-확률과통계": 0.7859503626823425,
    "세계지리-화학Ⅰ": 0.7839726209640503,
    "세계지리-생활과윤리": 0.698403000831604,
    "세계지리-수학Ⅰ": 0.7872955203056335,
    "세계지리-교육학": 0.7320691347122192,
    "세계지리-경제수학": 0.8043947815895081,
    "세계지리-영어회화": 0.7541236281394958,
    "세계지리-정보": 0.7210276126861572,
    "세계지리-미적분": 0.7804141044616699,
    "세계지리-한국지리": 0.8323454260826111,
    "세계지리-물리학Ⅰ": 0.7456031441688538,
    "심리학-영어Ⅱ": 0.8605709075927734,
    "심리학-실용경제": 0.7781187891960144,
    "심리학-수학Ⅱ": 0.7968568801879883,
    "심리학-확률과통계": 0.7961694598197937,
    "심리학-화학Ⅰ": 0.8408637046813965,
    "심리학-생활과윤리": 0.8183430433273315,
    "심리학-수학Ⅰ": 0.7966545820236206,
    "심리학-교육학": 0.77764493227005,
    "심리학-경제수학": 0.7869846820831299,
    "심리학-영어회화": 0.828205943107605,
    "심리학-정보": 0.79620361328125,
    "심리학-미적분": 0.8017492294311523,
    "심리학-한국지리": 0.7559670209884644,
    "심리학-물리학Ⅰ": 0.8151674270629883,
    "영어Ⅱ-실용경제": 0.8010149598121643,
    "영어Ⅱ-수학Ⅱ": 0.8903011679649353,
    "영어Ⅱ-확률과통계": 0.8897008299827576,
    "영어Ⅱ-화학Ⅰ": 0.867652952671051,
    "영어Ⅱ-생활과윤리": 0.8127317428588867,
    "영어Ⅱ-수학Ⅰ": 0.8915066719055176,
    "영어Ⅱ-교육학": 0.7625925540924072,
    "영어Ⅱ-경제수학": 0.8672202825546265,
    "영어Ⅱ-영어회화": 0.9106255769729614,
    "영어Ⅱ-정보": 0.8659369945526123,
    "영어Ⅱ-미적분": 0.8861692547798157,
    "영어Ⅱ-한국지리": 0.8033738136291504,
    "영어Ⅱ-물리학Ⅰ": 0.8685753345489502,
    "실용경제-수학Ⅱ": 0.8178380131721497,
    "실용경제-확률과통계": 0.8188713788986206,
    "실용경제-화학Ⅰ": 0.8126017451286316,
    "실용경제-생활과윤리": 0.7552510499954224,
    "실용경제-수학Ⅰ": 0.8184645771980286,
    "실용경제-교육학": 0.8212025165557861,
    "실용경제-경제수학": 0.8393331170082092,
    "실용경제-영어회화": 0.7880091667175293,
    "실용경제-정보": 0.7814115881919861,
    "실용경제-미적분": 0.8091024160385132,
    "실용경제-한국지리": 0.8038256168365479,
    "실용경제-물리학Ⅰ": 0.8068724870681763,
    "수학Ⅱ-확률과통계": 0.9991017580032349,
    "수학Ⅱ-화학Ⅰ": 0.8506817817687988,
    "수학Ⅱ-생활과윤리": 0.7472010850906372,
    "수학Ⅱ-수학Ⅰ": 0.9996440410614014,
    "수학Ⅱ-교육학": 0.7910385131835938,
    "수학Ⅱ-경제수학": 0.9491709470748901,
    "수학Ⅱ-영어회화": 0.8536596298217773,
    "수학Ⅱ-정보": 0.8215370774269104,
    "수학Ⅱ-미적분": 0.9929215312004089,
    "수학Ⅱ-한국지리": 0.7928948402404785,
    "수학Ⅱ-물리학Ⅰ": 0.857348620891571,
    "확률과통계-화학Ⅰ": 0.8498119711875916,
    "확률과통계-생활과윤리": 0.7462242841720581,
    "확률과통계-수학Ⅰ": 0.999411940574646,
    "확률과통계-교육학": 0.7929307222366333,
    "확률과통계-경제수학": 0.9512915015220642,
    "확률과통계-영어회화": 0.8562008738517761,
    "확률과통계-정보": 0.823447585105896,
    "확률과통계-미적분": 0.9934666156768799,
    "확률과통계-한국지리": 0.7925899028778076,
    "확률과통계-물리학Ⅰ": 0.8575918674468994,
    "화학Ⅰ-생활과윤리": 0.8333884477615356,
    "화학Ⅰ-수학Ⅰ": 0.8508601784706116,
    "화학Ⅰ-교육학": 0.7682267427444458,
    "화학Ⅰ-경제수학": 0.8593170046806335,
    "화학Ⅰ-영어회화": 0.8370321989059448,
    "화학Ⅰ-정보": 0.892299473285675,
    "화학Ⅰ-미적분": 0.8471031785011292,
    "화학Ⅰ-한국지리": 0.7794513702392578,
    "화학Ⅰ-물리학Ⅰ": 0.9057116508483887,
    "생활과윤리-수학Ⅰ": 0.7467365860939026,
    "생활과윤리-교육학": 0.7246614694595337,
    "생활과윤리-경제수학": 0.7436255216598511,
    "생활과윤리-영어회화": 0.7767659425735474,
    "생활과윤리-정보": 0.8133800029754639,
    "생활과윤리-미적분": 0.7457464933395386,
    "생활과윤리-한국지리": 0.695559561252594,
    "생활과윤리-물리학Ⅰ": 0.8014423251152039,
    "수학Ⅰ-교육학": 0.791837215423584,
    "수학Ⅰ-경제수학": 0.9495857954025269,
    "수학Ⅰ-영어회화": 0.8555371761322021,
    "수학Ⅰ-정보": 0.8224542140960693,
    "수학Ⅰ-미적분": 0.9931793212890625,
    "수학Ⅰ-한국지리": 0.7938119769096375,
    "수학Ⅰ-물리학Ⅰ": 0.8581479787826538,
    "교육학-경제수학": 0.7749139070510864,
    "교육학-영어회화": 0.7603782415390015,
    "교육학-정보": 0.7376054525375366,
    "교육학-미적분": 0.7902032136917114,
    "교육학-한국지리": 0.7190042734146118,
    "교육학-물리학Ⅰ": 0.7988985776901245,
    "경제수학-영어회화": 0.8700106143951416,
    "경제수학-정보": 0.8299839496612549,
    "경제수학-미적분": 0.9537402987480164,
    "경제수학-한국지리": 0.8076848983764648,
    "경제수학-물리학Ⅰ": 0.868338942527771,
    "영어회화-정보": 0.8163925409317017,
    "영어회화-미적분": 0.8679162859916687,
    "영어회화-한국지리": 0.7966938018798828,
    "영어회화-물리학Ⅰ": 0.840610146522522,
    "정보-미적분": 0.8185144662857056,
    "정보-한국지리": 0.73947674036026,
    "정보-물리학Ⅰ": 0.8928303718566895,
    "미적분-한국지리": 0.7925518751144409,
    "미적분-물리학Ⅰ": 0.8568704724311829,
    "한국지리-물리학Ⅰ": 0.7621650695800781
}