{
    "융합과학탐구": 0.7792155742645264,
    "사회문제탐구": 0.7865551710128784,
    "세계문제와미래사회": 0.7690192461013794,
    "기하": 0.753401517868042,
    "진로영어": 0.8178244829177856,
    "공학일반": 0.7456006407737732,
    "정보과학": 0.7558459043502808,
    "수학과제탐구": 0.7729194164276123,
    "생활과과학": 0.7785024642944336,
    "융합과학": 0.7834968566894531,
    "물리학Ⅱ": 0.6786117553710938,
    "화학실험": 0.7095782160758972,
    "고급화학": 0.7322158217430115,
    "지식재산일반": 0.7241435050964355,
    "실용영어": 0.7663092613220215,
    "사회과제연구": 0.7871772646903992,
    "창의경영": 0.7854815721511841,
    "생태와환경": 0.793648898601532,
    "실용수학": 0.7818245887756348,
    "고급물리학": 0.6993786096572876,
    "과학과제연구": 0.7784777879714966,
    "물리학실험": 0.6811748743057251,
    "지역이해": 0.762062668800354,
    "화학Ⅱ": 0.7469412088394165,
    "국제경제": 0.7492514252662659
}