{
    "융합과학탐구": 2.4303274154663086,
    "경제": 3.6838502883911133,
    "사회문제탐구": 3.678126811981201,
    "세계지리": 3.061450242996216,
    "기하": 3.199455976486206,
    "공학일반": 2.39395809173584,
    "생활과과학": 2.417948007583618,
    "수학과제탐구": 3.192765235900879,
    "정보과학": 3.7188472747802734,
    "융합과학": 2.5034468173980713,
    "물리학Ⅱ": 2.207481861114502,
    "화학실험": 2.4339990615844727,
    "수학": 3.742795467376709,
    "고급화학": 2.412588119506836,
    "사회과제연구": 2.4565389156341553,
    "생태와환경": 2.490755081176758,
    "통합사회": 3.7910518646240234,
    "수학Ⅱ": 1.8460159301757812,
    "과학탐구실험": 3.4598333835601807,
    "실용수학": 3.9114646911621094,
    "화학Ⅰ": 2.4462099075317383,
    "고급물리학": 2.341813564300537,
    "과학과제연구": 2.451021671295166,
    "생활과윤리": 3.287721633911133,
    "수학Ⅰ": 1.1920063495635986,
    "통합과학": 3.7314670085906982,
    "정보": 3.086057662963867,
    "물리학실험": 2.228353500366211,
    "한국지리": 3.1797988414764404,
    "국어": 3.5052225589752197,
    "물리학Ⅰ": 2.5034422874450684,
    "지역이해": 2.8206870555877686,
    "화학Ⅱ": 2.3692026138305664,
    "확률과통계": 3.2248752117156982,
    "미적분": 3.213473320007324,
    "한국사": 3.561232089996338,
    "영어": 3.826263427734375,
    "국제경제": 1.2600500583648682,
    "세계문제와미래사회": 1.2629237174987793,
    "실용경제": 1.2848223447799683,
    "지식재산일반": 1.1698684692382812,
    "창의경영": 1.3457132577896118,
    "경제수학": 0.6574302911758423,
    "진로영어": 0.6433501839637756,
    "영어Ⅱ": 0.6499208211898804,
    "실용영어": 0.6409438848495483,
    "교육학": 0.5989882349967957,
    "영어회화": 0.6946164965629578,
    "심리학": 0.6233710050582886
}