{
    "수학": 3.742795467376709,
    "통합사회": 3.7910518646240234,
    "과학탐구실험": 3.4598333835601807,
    "통합과학": 3.7314670085906982,
    "국어": 3.5052225589752197,
    "한국사": 3.561232089996338,
    "영어": 3.826263427734375
}