{
    "융합과학탐구": 2.4303274154663086,
    "사회문제탐구": 3.678126811981201,
    "기하": 3.199455976486206,
    "공학일반": 2.39395809173584,
    "생활과과학": 2.417948007583618,
    "수학과제탐구": 3.192765235900879,
    "정보과학": 3.7188472747802734,
    "융합과학": 2.5034468173980713,
    "물리학Ⅱ": 2.207481861114502,
    "화학실험": 2.4339990615844727,
    "고급화학": 2.412588119506836,
    "사회과제연구": 2.4565389156341553,
    "생태와환경": 2.490755081176758,
    "실용수학": 3.9114646911621094,
    "고급물리학": 2.341813564300537,
    "과학과제연구": 2.451021671295166,
    "물리학실험": 2.228353500366211,
    "지역이해": 2.8206870555877686,
    "화학Ⅱ": 2.3692026138305664,
    "국제경제": 1.2600500583648682,
    "세계문제와미래사회": 1.2629237174987793,
    "지식재산일반": 1.1698684692382812,
    "창의경영": 1.3457132577896118,
    "진로영어": 0.6433501839637756,
    "실용영어": 0.6409438848495483
}