{
    "융합과학탐구-사회문제탐구": 0.7984442114830017,
    "융합과학탐구-세계문제와미래사회": 0.7231343984603882,
    "융합과학탐구-기하": 0.8603253960609436,
    "융합과학탐구-진로영어": 0.8687323331832886,
    "융합과학탐구-공학일반": 0.8125558495521545,
    "융합과학탐구-정보과학": 0.8810848593711853,
    "융합과학탐구-수학과제탐구": 0.8859513998031616,
    "융합과학탐구-생활과과학": 0.8445751070976257,
    "융합과학탐구-융합과학": 0.8276216387748718,
    "융합과학탐구-물리학Ⅱ": 0.7685427665710449,
    "융합과학탐구-화학실험": 0.8857565522193909,
    "융합과학탐구-고급화학": 0.8984107375144958,
    "융합과학탐구-지식재산일반": 0.7630759477615356,
    "융합과학탐구-실용영어": 0.8428645730018616,
    "융합과학탐구-사회과제연구": 0.8773627281188965,
    "융합과학탐구-창의경영": 0.8256319165229797,
    "융합과학탐구-생태와환경": 0.8202855587005615,
    "융합과학탐구-실용수학": 0.8453048467636108,
    "융합과학탐구-고급물리학": 0.8947323560714722,
    "융합과학탐구-과학과제연구": 0.98677659034729,
    "융합과학탐구-물리학실험": 0.9134219288825989,
    "융합과학탐구-지역이해": 0.7184951305389404,
    "융합과학탐구-화학Ⅱ": 0.8397352695465088,
    "융합과학탐구-국제경제": 0.7812367677688599,
    "사회문제탐구-세계문제와미래사회": 0.845375657081604,
    "사회문제탐구-기하": 0.8079409599304199,
    "사회문제탐구-진로영어": 0.8180412650108337,
    "사회문제탐구-공학일반": 0.7252103686332703,
    "사회문제탐구-정보과학": 0.7319765090942383,
    "사회문제탐구-수학과제탐구": 0.8707897663116455,
    "사회문제탐구-생활과과학": 0.8076876401901245,
    "사회문제탐구-융합과학": 0.8265699744224548,
    "사회문제탐구-물리학Ⅱ": 0.7295941114425659,
    "사회문제탐구-화학실험": 0.7422642707824707,
    "사회문제탐구-고급화학": 0.7659808993339539,
    "사회문제탐구-지식재산일반": 0.6826077103614807,
    "사회문제탐구-실용영어": 0.8173331022262573,
    "사회문제탐구-사회과제연구": 0.8141070604324341,
    "사회문제탐구-창의경영": 0.8277297616004944,
    "사회문제탐구-생태와환경": 0.8299024701118469,
    "사회문제탐구-실용수학": 0.8457132577896118,
    "사회문제탐구-고급물리학": 0.7074787616729736,
    "사회문제탐구-과학과제연구": 0.7953590154647827,
    "사회문제탐구-물리학실험": 0.7286877036094666,
    "사회문제탐구-지역이해": 0.7297073602676392,
    "사회문제탐구-화학Ⅱ": 0.80771803855896,
    "사회문제탐구-국제경제": 0.7523733973503113,
    "세계문제와미래사회-기하": 0.7669848203659058,
    "세계문제와미래사회-진로영어": 0.7709099054336548,
    "세계문제와미래사회-공학일반": 0.7392165660858154,
    "세계문제와미래사회-정보과학": 0.7072835564613342,
    "세계문제와미래사회-수학과제탐구": 0.7865257263183594,
    "세계문제와미래사회-생활과과학": 0.7896945476531982,
    "세계문제와미래사회-융합과학": 0.8249146342277527,
    "세계문제와미래사회-물리학Ⅱ": 0.6979506611824036,
    "세계문제와미래사회-화학실험": 0.7058497667312622,
    "세계문제와미래사회-고급화학": 0.7287734746932983,
    "세계문제와미래사회-지식재산일반": 0.7125266790390015,
    "세계문제와미래사회-실용영어": 0.751273512840271,
    "세계문제와미래사회-사회과제연구": 0.7569652199745178,
    "세계문제와미래사회-창의경영": 0.8155579566955566,
    "세계문제와미래사회-생태와환경": 0.8325836658477783,
    "세계문제와미래사회-실용수학": 0.8062664866447449,
    "세계문제와미래사회-고급물리학": 0.6583603620529175,
    "세계문제와미래사회-과학과제연구": 0.7060942053794861,
    "세계문제와미래사회-물리학실험": 0.6257436275482178,
    "세계문제와미래사회-지역이해": 0.7207467555999756,
    "세계문제와미래사회-화학Ⅱ": 0.7333413362503052,
    "세계문제와미래사회-국제경제": 0.7861277461051941,
    "기하-진로영어": 0.8875359892845154,
    "기하-공학일반": 0.8442085385322571,
    "기하-정보과학": 0.879551887512207,
    "기하-수학과제탐구": 0.9633005857467651,
    "기하-생활과과학": 0.8171014189720154,
    "기하-융합과학": 0.8432491421699524,
    "기하-물리학Ⅱ": 0.8005756139755249,
    "기하-화학실험": 0.872485339641571,
    "기하-고급화학": 0.8651016354560852,
    "기하-지식재산일반": 0.8128376603126526,
    "기하-실용영어": 0.8927971720695496,
    "기하-사회과제연구": 0.8242732286453247,
    "기하-창의경영": 0.8917359113693237,
    "기하-생태와환경": 0.8277916312217712,
    "기하-실용수학": 0.9474200010299683,
    "기하-고급물리학": 0.8698358535766602,
    "기하-과학과제연구": 0.8564620614051819,
    "기하-물리학실험": 0.8334833383560181,
    "기하-지역이해": 0.6991262435913086,
    "기하-화학Ⅱ": 0.8492233753204346,
    "기하-국제경제": 0.8091652989387512,
    "진로영어-공학일반": 0.8932039737701416,
    "진로영어-정보과학": 0.8380795121192932,
    "진로영어-수학과제탐구": 0.9052922129631042,
    "진로영어-생활과과학": 0.8658894300460815,
    "진로영어-융합과학": 0.8559149503707886,
    "진로영어-물리학Ⅱ": 0.759190559387207,
    "진로영어-화학실험": 0.8289027214050293,
    "진로영어-고급화학": 0.8435458540916443,
    "진로영어-지식재산일반": 0.8482508659362793,
    "진로영어-실용영어": 0.9564334750175476,
    "진로영어-사회과제연구": 0.8163813352584839,
    "진로영어-창의경영": 0.9146842956542969,
    "진로영어-생태와환경": 0.8292285203933716,
    "진로영어-실용수학": 0.8643081188201904,
    "진로영어-고급물리학": 0.8161369562149048,
    "진로영어-과학과제연구": 0.8675742745399475,
    "진로영어-물리학실험": 0.8049208521842957,
    "진로영어-지역이해": 0.743293285369873,
    "진로영어-화학Ⅱ": 0.8380080461502075,
    "진로영어-국제경제": 0.7774808406829834,
    "공학일반-정보과학": 0.8202047944068909,
    "공학일반-수학과제탐구": 0.8418687582015991,
    "공학일반-생활과과학": 0.8308320045471191,
    "공학일반-융합과학": 0.845518946647644,
    "공학일반-물리학Ⅱ": 0.7742717266082764,
    "공학일반-화학실험": 0.8012475967407227,
    "공학일반-고급화학": 0.8223826885223389,
    "공학일반-지식재산일반": 0.8614381551742554,
    "공학일반-실용영어": 0.8332889080047607,
    "공학일반-사회과제연구": 0.7582141160964966,
    "공학일반-창의경영": 0.8595978021621704,
    "공학일반-생태와환경": 0.7920164465904236,
    "공학일반-실용수학": 0.8035076260566711,
    "공학일반-고급물리학": 0.7727330923080444,
    "공학일반-과학과제연구": 0.8045738339424133,
    "공학일반-물리학실험": 0.769888162612915,
    "공학일반-지역이해": 0.7128397226333618,
    "공학일반-화학Ⅱ": 0.811110258102417,
    "공학일반-국제경제": 0.7765706777572632,
    "정보과학-수학과제탐구": 0.8611910343170166,
    "정보과학-생활과과학": 0.8597468137741089,
    "정보과학-융합과학": 0.8585573434829712,
    "정보과학-물리학Ⅱ": 0.8310511112213135,
    "정보과학-화학실험": 0.87297123670578,
    "정보과학-고급화학": 0.8820925354957581,
    "정보과학-지식재산일반": 0.7867556214332581,
    "정보과학-실용영어": 0.8215717077255249,
    "정보과학-사회과제연구": 0.8079745769500732,
    "정보과학-창의경영": 0.8140119314193726,
    "정보과학-생태와환경": 0.8150163888931274,
    "정보과학-실용수학": 0.8466533422470093,
    "정보과학-고급물리학": 0.8645672798156738,
    "정보과학-과학과제연구": 0.8752262592315674,
    "정보과학-물리학실험": 0.8462439179420471,
    "정보과학-지역이해": 0.7251551151275635,
    "정보과학-화학Ⅱ": 0.8773727416992188,
    "정보과학-국제경제": 0.7784152030944824,
    "수학과제탐구-생활과과학": 0.8518974781036377,
    "수학과제탐구-융합과학": 0.8677577972412109,
    "수학과제탐구-물리학Ⅱ": 0.7992675304412842,
    "수학과제탐구-화학실험": 0.8682097792625427,
    "수학과제탐구-고급화학": 0.8761187195777893,
    "수학과제탐구-지식재산일반": 0.808415412902832,
    "수학과제탐구-실용영어": 0.908982515335083,
    "수학과제탐구-사회과제연구": 0.8605853319168091,
    "수학과제탐구-창의경영": 0.9066529273986816,
    "수학과제탐구-생태와환경": 0.8601964712142944,
    "수학과제탐구-실용수학": 0.927472710609436,
    "수학과제탐구-고급물리학": 0.8674126863479614,
    "수학과제탐구-과학과제연구": 0.8852596879005432,
    "수학과제탐구-물리학실험": 0.8521853685379028,
    "수학과제탐구-지역이해": 0.7262263298034668,
    "수학과제탐구-화학Ⅱ": 0.8665953278541565,
    "수학과제탐구-국제경제": 0.7989076972007751,
    "생활과과학-융합과학": 0.9224174618721008,
    "생활과과학-물리학Ⅱ": 0.7899115085601807,
    "생활과과학-화학실험": 0.8275901079177856,
    "생활과과학-고급화학": 0.8621370196342468,
    "생활과과학-지식재산일반": 0.8062799572944641,
    "생활과과학-실용영어": 0.8577514290809631,
    "생활과과학-사회과제연구": 0.7914377450942993,
    "생활과과학-창의경영": 0.8235970735549927,
    "생활과과학-생태와환경": 0.8643589615821838,
    "생활과과학-실용수학": 0.8421300649642944,
    "생활과과학-고급물리학": 0.7882095575332642,
    "생활과과학-과학과제연구": 0.8354142308235168,
    "생활과과학-물리학실험": 0.7830344438552856,
    "생활과과학-지역이해": 0.7311480045318604,
    "생활과과학-화학Ⅱ": 0.847480833530426,
    "생활과과학-국제경제": 0.7650724649429321,
    "융합과학-물리학Ⅱ": 0.817281186580658,
    "융합과학-화학실험": 0.8410805463790894,
    "융합과학-고급화학": 0.8678282499313354,
    "융합과학-지식재산일반": 0.8006479740142822,
    "융합과학-실용영어": 0.865963339805603,
    "융합과학-사회과제연구": 0.8116490244865417,
    "융합과학-창의경영": 0.8460088968276978,
    "융합과학-생태와환경": 0.9026213884353638,
    "융합과학-실용수학": 0.8562306761741638,
    "융합과학-고급물리학": 0.7801194190979004,
    "융합과학-과학과제연구": 0.822052001953125,
    "융합과학-물리학실험": 0.7729004621505737,
    "융합과학-지역이해": 0.7693333625793457,
    "융합과학-화학Ⅱ": 0.8752831220626831,
    "융합과학-국제경제": 0.7956221699714661,
    "물리학Ⅱ-화학실험": 0.789639949798584,
    "물리학Ⅱ-고급화학": 0.8105566501617432,
    "물리학Ⅱ-지식재산일반": 0.6628315448760986,
    "물리학Ⅱ-실용영어": 0.7536428570747375,
    "물리학Ⅱ-사회과제연구": 0.7734012603759766,
    "물리학Ⅱ-창의경영": 0.7824988961219788,
    "물리학Ⅱ-생태와환경": 0.8043836355209351,
    "물리학Ⅱ-실용수학": 0.8000321388244629,
    "물리학Ⅱ-고급물리학": 0.7453362941741943,
    "물리학Ⅱ-과학과제연구": 0.7622138857841492,
    "물리학Ⅱ-물리학실험": 0.7283795475959778,
    "물리학Ⅱ-지역이해": 0.710424542427063,