{
    "융합과학탐구": 0.7792155742645264,
    "경제": 0.7981734275817871,
    "사회문제탐구": 0.7865551710128784,
    "세계지리": 0.7320982217788696,
    "심리학": 0.765069842338562,
    "세계문제와미래사회": 0.7690192461013794,
    "기하": 0.753401517868042,
    "진로영어": 0.8178244829177856,
    "공학일반": 0.7456006407737732,
    "영어Ⅱ": 0.8112708330154419,
    "정보과학": 0.7558459043502808,
    "수학과제탐구": 0.7729194164276123,
    "생활과과학": 0.7785024642944336,
    "실용경제": 0.7522585988044739,
    "융합과학": 0.7834968566894531,
    "물리학Ⅱ": 0.6786117553710938,
    "화학실험": 0.7095782160758972,
    "수학": 0.7555629014968872,
    "고급화학": 0.7322158217430115,
    "지식재산일반": 0.7241435050964355,
    "실용영어": 0.7663092613220215,
    "사회과제연구": 0.7871772646903992,
    "창의경영": 0.7854815721511841,
    "생태와환경": 0.793648898601532,
    "통합사회": 0.7883490920066833,
    "수학Ⅱ": 0.7545750141143799,
    "확률과통계": 0.7582612633705139,
    "과학탐구실험": 0.7393374443054199,
    "실용수학": 0.7818245887756348,
    "화학Ⅰ": 0.7861707806587219,
    "고급물리학": 0.6993786096572876,
    "과학과제연구": 0.7784777879714966,
    "생활과윤리": 0.7164804935455322,
    "수학Ⅰ": 0.7564048767089844,
    "통합과학": 0.7835818529129028,
    "교육학": 0.6523451209068298,
    "경제수학": 0.7992274761199951,
    "영어회화": 0.7959171533584595,
    "정보": 0.7714649438858032,
    "미적분": 0.7564420700073242,
    "한국지리": 0.7473554611206055,
    "물리학실험": 0.6811748743057251,
    "국어": 0.7044264078140259,
    "물리학Ⅰ": 0.7758491039276123,
    "지역이해": 0.762062668800354,
    "화학Ⅱ": 0.7469412088394165,
    "국제경제": 0.7492514252662659,
    "한국사": 0.7101346850395203,
    "영어": 0.7837941646575928
}