{
    "논리학": 0.6058192253112793,
    "경제": 0.7197598218917847,
    "심리학": 0.6954154372215271,
    "세계지리": 0.6554937362670898,
    "생명과학Ⅰ": 0.6926897168159485,
    "실용경제": 0.6718659996986389,
    "정치와법": 0.7502946257591248,
    "윤리와사상": 0.701937735080719,
    "수학Ⅱ": 0.6821783781051636,
    "확률과통계": 0.6881712675094604,
    "세계사": 0.6129451394081116,
    "화학Ⅰ": 0.7155100107192993,
    "생활과윤리": 0.7078723907470703,
    "철학": 0.5451641082763672,
    "수학Ⅰ": 0.6844229698181152,
    "교육학": 0.5921591520309448,
    "경제수학": 0.7132658362388611,
    "정보": 0.7130402326583862,
    "미적분": 0.6862038969993591,
    "한국지리": 0.6702908277511597
}