{
    "경제학과": 0.7226536273956299,
    "법학과": 0.7807670831680298,
    "경영학과": 0.8092828989028931,
    "심리학과": 0.6249344348907471,
    "행정학과": 0.7676910161972046,
    "사회학과": 0.6542057991027832
}