{
    "고급수학Ⅰ": 0.4583266079425812,
    "사회문제탐구": 3.3252692222595215,
    "국제경제": 2.2487034797668457,
    "세계문제와미래사회": 2.8999905586242676,
    "기하": 1.2230353355407715,
    "수학과제탐구": 1.7100293636322021,
    "정보과학": 1.1406524181365967,
    "국제법": 1.7031042575836182,
    "지식재산일반": 1.112168312072754,
    "심화수학Ⅰ": 0.529346764087677,
    "실용수학": 1.694533109664917,
    "심화수학Ⅱ": 0.5028315782546997,
    "고급수학Ⅱ": 0.5291855931282043,
    "현대세계의변화": 1.820051908493042,
    "지역이해": 1.5760776996612549,
    "창의경영": 0.6423511505126953,
    "비교문화": 1.171802282333374,
    "국제관계와국제기구": 1.1248050928115845,
    "국제정치": 0.5842311978340149,
    "한국사회의이해": 0.5587207674980164
}