{
    "수학": 3.3708958625793457,
    "통합사회": 3.4348835945129395,
    "과학탐구실험": 2.95285701751709,
    "통합과학": 3.4115042686462402,
    "국어": 3.20072078704834,
    "한국사": 3.359062910079956,
    "영어": 3.3742504119873047
}