{
    "고급수학Ⅰ-사회문제탐구": 0.5687402486801147,
    "고급수학Ⅰ-세계문제와미래사회": 0.5551642775535583,
    "고급수학Ⅰ-기하": 0.8045239448547363,
    "고급수학Ⅰ-수학과제탐구": 0.771009087562561,
    "고급수학Ⅰ-정보과학": 0.8115592002868652,
    "고급수학Ⅰ-국제법": 0.6759905219078064,
    "고급수학Ⅰ-지식재산일반": 0.6980128288269043,
    "고급수학Ⅰ-비교문화": 0.6861460208892822,
    "고급수학Ⅰ-창의경영": 0.6954936981201172,
    "고급수학Ⅰ-심화수학Ⅰ": 0.931368350982666,
    "고급수학Ⅰ-실용수학": 0.7586569786071777,
    "고급수학Ⅰ-심화수학Ⅱ": 0.9003727436065674,
    "고급수학Ⅰ-현대세계의변화": 0.6860548257827759,
    "고급수학Ⅰ-고급수학Ⅱ": 0.9482559561729431,
    "고급수학Ⅰ-국제관계와국제기구": 0.6050554513931274,
    "고급수학Ⅰ-지역이해": 0.5665839910507202,
    "고급수학Ⅰ-국제정치": 0.6493159532546997,
    "고급수학Ⅰ-한국사회의이해": 0.687726616859436,
    "고급수학Ⅰ-국제경제": 0.6881975531578064,
    "사회문제탐구-세계문제와미래사회": 0.845375657081604,
    "사회문제탐구-기하": 0.8079409599304199,
    "사회문제탐구-수학과제탐구": 0.8707897663116455,
    "사회문제탐구-정보과학": 0.7319765090942383,
    "사회문제탐구-국제법": 0.826143741607666,
    "사회문제탐구-지식재산일반": 0.6826077103614807,
    "사회문제탐구-비교문화": 0.8397876024246216,
    "사회문제탐구-창의경영": 0.8277297616004944,
    "사회문제탐구-심화수학Ⅰ": 0.6865419149398804,
    "사회문제탐구-실용수학": 0.8457132577896118,
    "사회문제탐구-심화수학Ⅱ": 0.6571522355079651,
    "사회문제탐구-현대세계의변화": 0.7990997433662415,
    "사회문제탐구-고급수학Ⅱ": 0.6948990225791931,
    "사회문제탐구-국제관계와국제기구": 0.8414759635925293,
    "사회문제탐구-지역이해": 0.7297073602676392,
    "사회문제탐구-국제정치": 0.7238690853118896,
    "사회문제탐구-한국사회의이해": 0.8201929330825806,
    "사회문제탐구-국제경제": 0.7523733973503113,
    "세계문제와미래사회-기하": 0.7669848203659058,
    "세계문제와미래사회-수학과제탐구": 0.7865257263183594,
    "세계문제와미래사회-정보과학": 0.7072835564613342,
    "세계문제와미래사회-국제법": 0.8597867488861084,
    "세계문제와미래사회-지식재산일반": 0.7125266790390015,
    "세계문제와미래사회-비교문화": 0.8634347915649414,
    "세계문제와미래사회-창의경영": 0.8155579566955566,
    "세계문제와미래사회-심화수학Ⅰ": 0.6382508277893066,
    "세계문제와미래사회-실용수학": 0.8062664866447449,
    "세계문제와미래사회-심화수학Ⅱ": 0.6179238557815552,
    "세계문제와미래사회-현대세계의변화": 0.8573024272918701,
    "세계문제와미래사회-고급수학Ⅱ": 0.6451404094696045,
    "세계문제와미래사회-국제관계와국제기구": 0.8670104742050171,
    "세계문제와미래사회-지역이해": 0.7207467555999756,
    "세계문제와미래사회-국제정치": 0.7961996793746948,
    "세계문제와미래사회-한국사회의이해": 0.8666546940803528,
    "세계문제와미래사회-국제경제": 0.7861277461051941,
    "기하-수학과제탐구": 0.9633005857467651,
    "기하-정보과학": 0.879551887512207,
    "기하-국제법": 0.8329189419746399,
    "기하-지식재산일반": 0.8128376603126526,
    "기하-비교문화": 0.8290470838546753,
    "기하-창의경영": 0.8917359113693237,
    "기하-심화수학Ⅰ": 0.9030932188034058,
    "기하-실용수학": 0.9474200010299683,
    "기하-심화수학Ⅱ": 0.9092249870300293,
    "기하-현대세계의변화": 0.8222404718399048,
    "기하-고급수학Ⅱ": 0.9073888063430786,
    "기하-국제관계와국제기구": 0.8153244853019714,
    "기하-지역이해": 0.6991262435913086,
    "기하-국제정치": 0.7846683263778687,
    "기하-한국사회의이해": 0.8294677734375,
    "기하-국제경제": 0.8091652989387512,
    "수학과제탐구-정보과학": 0.8611910343170166,
    "수학과제탐구-국제법": 0.8373744487762451,
    "수학과제탐구-지식재산일반": 0.808415412902832,
    "수학과제탐구-비교문화": 0.854228675365448,
    "수학과제탐구-창의경영": 0.9066529273986816,
    "수학과제탐구-심화수학Ⅰ": 0.8670365810394287,
    "수학과제탐구-실용수학": 0.927472710609436,
    "수학과제탐구-심화수학Ⅱ": 0.8797855377197266,
    "수학과제탐구-현대세계의변화": 0.8294353485107422,
    "수학과제탐구-고급수학Ⅱ": 0.8804572820663452,
    "수학과제탐구-국제관계와국제기구": 0.8245161771774292,
    "수학과제탐구-지역이해": 0.7262263298034668,
    "수학과제탐구-국제정치": 0.7768417596817017,
    "수학과제탐구-한국사회의이해": 0.8447995781898499,
    "수학과제탐구-국제경제": 0.7989076972007751,
    "정보과학-국제법": 0.7994207143783569,
    "정보과학-지식재산일반": 0.7867556214332581,
    "정보과학-비교문화": 0.8173972368240356,
    "정보과학-창의경영": 0.8140119314193726,
    "정보과학-심화수학Ⅰ": 0.8498026132583618,
    "정보과학-실용수학": 0.8466533422470093,
    "정보과학-심화수학Ⅱ": 0.8700883984565735,
    "정보과학-현대세계의변화": 0.7986114025115967,
    "정보과학-고급수학Ⅱ": 0.8470313549041748,
    "정보과학-국제관계와국제기구": 0.7734839916229248,
    "정보과학-지역이해": 0.7251551151275635,
    "정보과학-국제정치": 0.76447993516922,
    "정보과학-한국사회의이해": 0.799917459487915,
    "정보과학-국제경제": 0.7784152030944824,
    "국제법-지식재산일반": 0.7753116488456726,
    "국제법-비교문화": 0.920567512512207,
    "국제법-창의경영": 0.8185168504714966,
    "국제법-심화수학Ⅰ": 0.7696139216423035,
    "국제법-실용수학": 0.8439759612083435,
    "국제법-심화수학Ⅱ": 0.7513294219970703,
    "국제법-현대세계의변화": 0.8953258991241455,
    "국제법-고급수학Ⅱ": 0.7596756219863892,
    "국제법-국제관계와국제기구": 0.9282113313674927,
    "국제법-지역이해": 0.7596563100814819,
    "국제법-국제정치": 0.9116220474243164,
    "국제법-한국사회의이해": 0.9143208265304565,
    "국제법-국제경제": 0.8811278343200684,
    "지식재산일반-비교문화": 0.802410900592804,
    "지식재산일반-창의경영": 0.8209493160247803,
    "지식재산일반-심화수학Ⅰ": 0.7444959878921509,
    "지식재산일반-실용수학": 0.7744378447532654,
    "지식재산일반-심화수학Ⅱ": 0.7695505619049072,
    "지식재산일반-현대세계의변화": 0.7644330263137817,
    "지식재산일반-고급수학Ⅱ": 0.7472584247589111,
    "지식재산일반-국제관계와국제기구": 0.728671669960022,
    "지식재산일반-지역이해": 0.6611049771308899,
    "지식재산일반-국제정치": 0.730487585067749,
    "지식재산일반-한국사회의이해": 0.7784646153450012,
    "지식재산일반-국제경제": 0.7326536178588867,
    "비교문화-창의경영": 0.8355705738067627,
    "비교문화-심화수학Ⅰ": 0.7612042427062988,
    "비교문화-실용수학": 0.8491123914718628,
    "비교문화-심화수학Ⅱ": 0.7445629239082336,
    "비교문화-현대세계의변화": 0.9191906452178955,
    "비교문화-고급수학Ⅱ": 0.7533084154129028,
    "비교문화-국제관계와국제기구": 0.8969568014144897,
    "비교문화-지역이해": 0.8106815814971924,
    "비교문화-국제정치": 0.8765720129013062,
    "비교문화-한국사회의이해": 0.9419089555740356,
    "비교문화-국제경제": 0.8713170289993286,
    "창의경영-심화수학Ⅰ": 0.7674040794372559,
    "창의경영-실용수학": 0.8833037614822388,
    "창의경영-심화수학Ⅱ": 0.7809966206550598,
    "창의경영-현대세계의변화": 0.797996997833252,
    "창의경영-고급수학Ⅱ": 0.7866443991661072,
    "창의경영-국제관계와국제기구": 0.8112425804138184,
    "창의경영-지역이해": 0.7155462503433228,
    "창의경영-국제정치": 0.7517375946044922,
    "창의경영-한국사회의이해": 0.8237524032592773,
    "창의경영-국제경제": 0.7778404951095581,
    "심화수학Ⅰ-실용수학": 0.8496478796005249,
    "심화수학Ⅰ-심화수학Ⅱ": 0.9509059190750122,
    "심화수학Ⅰ-현대세계의변화": 0.7500101923942566,
    "심화수학Ⅰ-고급수학Ⅱ": 0.9700818061828613,
    "심화수학Ⅰ-국제관계와국제기구": 0.7024242281913757,
    "심화수학Ⅰ-지역이해": 0.6311721801757812,
    "심화수학Ⅰ-국제정치": 0.7309525012969971,
    "심화수학Ⅰ-한국사회의이해": 0.7584363222122192,
    "심화수학Ⅰ-국제경제": 0.7646589875221252,
    "실용수학-심화수학Ⅱ": 0.8230581879615784,
    "실용수학-현대세계의변화": 0.840887725353241,
    "실용수학-고급수학Ⅱ": 0.8545722961425781,
    "실용수학-국제관계와국제기구": 0.8227213621139526,
    "실용수학-지역이해": 0.7266991138458252,
    "실용수학-국제정치": 0.7723508477210999,
    "실용수학-한국사회의이해": 0.8443509340286255,
    "실용수학-국제경제": 0.8138988614082336,
    "심화수학Ⅱ-현대세계의변화": 0.7394975423812866,
    "심화수학Ⅱ-고급수학Ⅱ": 0.9527287483215332,
    "심화수학Ⅱ-국제관계와국제기구": 0.6857548952102661,
    "심화수학Ⅱ-지역이해": 0.612761914730072,
    "심화수학Ⅱ-국제정치": 0.7349749803543091,
    "심화수학Ⅱ-한국사회의이해": 0.7476421594619751,
    "심화수학Ⅱ-국제경제": 0.7567193508148193,
    "현대세계의변화-고급수학Ⅱ": 0.7493120431900024,
    "현대세계의변화-국제관계와국제기구": 0.8946887254714966,
    "현대세계의변화-지역이해": 0.7734506130218506,
    "현대세계의변화-국제정치": 0.9007896780967712,
    "현대세계의변화-한국사회의이해": 0.9567243456840515,
    "현대세계의변화-국제경제": 0.9053446054458618,
    "고급수학Ⅱ-국제관계와국제기구": 0.7041239738464355,
    "고급수학Ⅱ-지역이해": 0.619010865688324,
    "고급수학Ⅱ-국제정치": 0.7211210131645203,
    "고급수학Ⅱ-한국사회의이해": 0.7581959962844849,
    "고급수학Ⅱ-국제경제": 0.7563977241516113,
    "국제관계와국제기구-지역이해": 0.7577762007713318,
    "국제관계와국제기구-국제정치": 0.9222418069839478,
    "국제관계와국제기구-한국사회의이해": 0.9000783562660217,
    "국제관계와국제기구-국제경제": 0.8889221549034119,
    "지역이해-국제정치": 0.7230719327926636,
    "지역이해-한국사회의이해": 0.7786729335784912,
    "지역이해-국제경제": 0.7307906150817871,
    "국제정치-한국사회의이해": 0.9062923192977905,
    "국제정치-국제경제": 0.911008894443512,
    "한국사회의이해-국제경제": 0.911268949508667
}