{
    "경제": 2.26495623588562,
    "실용경제": 1.1778349876403809,
    "수학Ⅱ": 1.6848779916763306,
    "생활과윤리": 3.1470656394958496,
    "수학Ⅰ": 1.048081398010254,
    "경제수학": 1.2454644441604614,
    "정보": 1.1133782863616943,
    "확률과통계": 1.2351841926574707,
    "미적분": 1.23301100730896,
    "논리학": 1.5547621250152588,
    "정치와법": 1.8058116436004639,
    "윤리와사상": 2.264540672302246,
    "세계사": 1.6795716285705566,
    "철학": 2.009093999862671,
    "심리학": 2.1164839267730713,
    "생명과학Ⅰ": 0.4721268117427826,
    "화학Ⅰ": 0.46362271904945374,
    "교육학": 0.4719850718975067,
    "세계지리": 1.1181976795196533,
    "한국지리": 1.1029120683670044
}