{
    "고급수학Ⅰ": 0.5774139165878296,
    "논리학": 0.6058192253112793,
    "경제": 0.7197598218917847,
    "사회문제탐구": 0.7488135099411011,
    "심리학": 0.6954154372215271,
    "세계지리": 0.6554937362670898,
    "세계문제와미래사회": 0.711768627166748,
    "기하": 0.6762055158615112,
    "생명과학Ⅰ": 0.6926897168159485,
    "수학과제탐구": 0.6971746683120728,
    "정보과학": 0.7063408493995667,
    "국제법": 0.7513314485549927,
    "실용경제": 0.6718659996986389,
    "수학": 0.645111620426178,
    "지식재산일반": 0.672660768032074,
    "비교문화": 0.777761697769165,
    "정치와법": 0.7502946257591248,
    "창의경영": 0.7498105764389038,
    "통합사회": 0.7282041311264038,
    "윤리와사상": 0.701937735080719,
    "수학Ⅱ": 0.6821783781051636,
    "확률과통계": 0.6881712675094604,
    "세계사": 0.6129451394081116,
    "과학탐구실험": 0.6661791205406189,
    "심화수학Ⅰ": 0.6206599473953247,
    "실용수학": 0.6859657764434814,
    "화학Ⅰ": 0.7155100107192993,
    "심화수학Ⅱ": 0.5905343890190125,
    "생활과윤리": 0.7078723907470703,
    "철학": 0.5451641082763672,
    "현대세계의변화": 0.7172117233276367,
    "수학Ⅰ": 0.6844229698181152,
    "통합과학": 0.740019679069519,
    "교육학": 0.5921591520309448,
    "경제수학": 0.7132658362388611,
    "고급수학Ⅱ": 0.6204246282577515,
    "정보": 0.7130402326583862,
    "미적분": 0.6862038969993591,
    "한국지리": 0.6702908277511597,
    "국어": 0.6159533262252808,
    "국제관계와국제기구": 0.7549906969070435,
    "지역이해": 0.708061933517456,
    "국제정치": 0.6816633939743042,
    "한국사회의이해": 0.7568827867507935,
    "국제경제": 0.6763523817062378,
    "한국사": 0.6403655409812927,
    "영어": 0.6978689432144165
}