{
    "고급수학Ⅰ": 0.5774139165878296,
    "사회문제탐구": 0.7488135099411011,
    "세계문제와미래사회": 0.711768627166748,
    "기하": 0.6762055158615112,
    "수학과제탐구": 0.6971746683120728,
    "정보과학": 0.7063408493995667,
    "국제법": 0.7513314485549927,
    "지식재산일반": 0.672660768032074,
    "비교문화": 0.777761697769165,
    "창의경영": 0.7498105764389038,
    "심화수학Ⅰ": 0.6206599473953247,
    "실용수학": 0.6859657764434814,
    "심화수학Ⅱ": 0.5905343890190125,
    "현대세계의변화": 0.7172117233276367,
    "고급수학Ⅱ": 0.6204246282577515,
    "국제관계와국제기구": 0.7549906969070435,
    "지역이해": 0.708061933517456,
    "국제정치": 0.6816633939743042,
    "한국사회의이해": 0.7568827867507935,
    "국제경제": 0.6763523817062378
}