{
    "고급수학Ⅰ": 0.4583266079425812,
    "경제": 2.26495623588562,
    "사회문제탐구": 3.3252692222595215,
    "국제경제": 2.2487034797668457,
    "세계문제와미래사회": 2.8999905586242676,
    "기하": 1.2230353355407715,
    "수학과제탐구": 1.7100293636322021,
    "정보과학": 1.1406524181365967,
    "국제법": 1.7031042575836182,
    "실용경제": 1.1778349876403809,
    "수학": 3.3708958625793457,
    "지식재산일반": 1.112168312072754,
    "통합사회": 3.4348835945129395,
    "수학Ⅱ": 1.6848779916763306,
    "과학탐구실험": 2.95285701751709,
    "심화수학Ⅰ": 0.529346764087677,
    "실용수학": 1.694533109664917,
    "심화수학Ⅱ": 0.5028315782546997,
    "생활과윤리": 3.1470656394958496,
    "수학Ⅰ": 1.048081398010254,
    "통합과학": 3.4115042686462402,
    "경제수학": 1.2454644441604614,
    "고급수학Ⅱ": 0.5291855931282043,
    "정보": 1.1133782863616943,
    "국어": 3.20072078704834,
    "확률과통계": 1.2351841926574707,
    "미적분": 1.23301100730896,
    "한국사": 3.359062910079956,
    "영어": 3.3742504119873047,
    "논리학": 1.5547621250152588,
    "정치와법": 1.8058116436004639,
    "윤리와사상": 2.264540672302246,
    "세계사": 1.6795716285705566,
    "철학": 2.009093999862671,
    "현대세계의변화": 1.820051908493042,
    "지역이해": 1.5760776996612549,
    "심리학": 2.1164839267730713,
    "창의경영": 0.6423511505126953,
    "생명과학Ⅰ": 0.4721268117427826,
    "화학Ⅰ": 0.46362271904945374,
    "교육학": 0.4719850718975067,
    "세계지리": 1.1181976795196533,
    "비교문화": 1.171802282333374,
    "한국지리": 1.1029120683670044,
    "국제관계와국제기구": 1.1248050928115845,
    "국제정치": 0.5842311978340149,
    "한국사회의이해": 0.5587207674980164
}