{
    "수학": 0.645111620426178,
    "통합사회": 0.7282041311264038,
    "과학탐구실험": 0.6661791205406189,
    "통합과학": 0.740019679069519,
    "국어": 0.6159533262252808,
    "한국사": 0.6403655409812927,
    "영어": 0.6978689432144165
}