{
    "고급수학Ⅰ": 0.8323633074760437,
    "사회문제탐구": 4.721577167510986,
    "국제경제": 4.149360179901123,
    "세계문제와미래사회": 4.644046306610107,
    "기하": 4.763554096221924,
    "수학과제탐구": 4.833354949951172,
    "정보과학": 4.515468597412109,
    "국제법": 3.6662631034851074,
    "지식재산일반": 1.0689587593078613,
    "심화수학Ⅰ": 1.5240775346755981,
    "실용수학": 4.808677673339844,
    "심화수학Ⅱ": 0.92913419008255,
    "고급수학Ⅱ": 0.9678272008895874,
    "현대세계의변화": 0.5227547883987427,
    "지역이해": 3.266361951828003,
    "국제관계와국제기구": 3.1130380630493164,
    "창의경영": 0.599711000919342,
    "물리학Ⅱ": 0.45727863907814026
}