{
    "논술-논리학": 0.5935518145561218,
    "논술-경제": 0.7608529329299927,
    "논술-심리학": 0.7785155177116394,
    "논술-실용경제": 0.7345916032791138,
    "논술-정치와법": 0.7613621950149536,
    "논술-윤리와사상": 0.7579945921897888,
    "논술-수학Ⅱ": 0.8371081352233887,
    "논술-확률과통계": 0.8349092602729797,
    "논술-세계사": 0.6632894277572632,
    "논술-생활과윤리": 0.7262682914733887,
    "논술-철학": 0.6680351495742798,
    "논술-수학Ⅰ": 0.8374475836753845,
    "논술-교육학": 0.7409292459487915,
    "논술-경제수학": 0.7905597686767578,
    "논술-정보": 0.8090981245040894,
    "논술-미적분": 0.8180961012840271,
    "논리학-경제": 0.6764854192733765,
    "논리학-심리학": 0.7198021411895752,
    "논리학-실용경제": 0.7217223644256592,
    "논리학-정치와법": 0.7474896907806396,
    "논리학-윤리와사상": 0.758925199508667,
    "논리학-수학Ⅱ": 0.7355799674987793,
    "논리학-확률과통계": 0.7355728149414062,
    "논리학-세계사": 0.6657602190971375,
    "논리학-생활과윤리": 0.6800609827041626,
    "논리학-철학": 0.6393886804580688,
    "논리학-수학Ⅰ": 0.7363359332084656,
    "논리학-교육학": 0.7013674974441528,
    "논리학-경제수학": 0.7393890619277954,
    "논리학-정보": 0.6403164863586426,
    "논리학-미적분": 0.7542750835418701,
    "경제-심리학": 0.8010290861129761,
    "경제-실용경제": 0.8836628198623657,
    "경제-정치와법": 0.8790261745452881,
    "경제-윤리와사상": 0.7968957424163818,
    "경제-수학Ⅱ": 0.7977933883666992,
    "경제-확률과통계": 0.7993015050888062,
    "경제-세계사": 0.7472749948501587,
    "경제-생활과윤리": 0.8263617157936096,
    "경제-철학": 0.7185060977935791,
    "경제-수학Ⅰ": 0.7986728549003601,
    "경제-교육학": 0.7704116106033325,
    "경제-경제수학": 0.8373613357543945,
    "경제-정보": 0.8528392314910889,
    "경제-미적분": 0.7927296161651611,
    "심리학-실용경제": 0.7781187891960144,
    "심리학-정치와법": 0.7798304557800293,
    "심리학-윤리와사상": 0.8430343866348267,
    "심리학-수학Ⅱ": 0.7968568801879883,
    "심리학-확률과통계": 0.7961694598197937,
    "심리학-세계사": 0.7350033521652222,
    "심리학-생활과윤리": 0.8183430433273315,
    "심리학-철학": 0.8186454772949219,
    "심리학-수학Ⅰ": 0.7966545820236206,
    "심리학-교육학": 0.77764493227005,
    "심리학-경제수학": 0.7869846820831299,
    "심리학-정보": 0.79620361328125,
    "심리학-미적분": 0.8017492294311523,
    "실용경제-정치와법": 0.8671311736106873,
    "실용경제-윤리와사상": 0.8015750646591187,
    "실용경제-수학Ⅱ": 0.8178380131721497,
    "실용경제-확률과통계": 0.8188713788986206,
    "실용경제-세계사": 0.7991033792495728,
    "실용경제-생활과윤리": 0.7552510499954224,
    "실용경제-철학": 0.7272980213165283,
    "실용경제-수학Ⅰ": 0.8184645771980286,
    "실용경제-교육학": 0.8212025165557861,
    "실용경제-경제수학": 0.8393331170082092,
    "실용경제-정보": 0.7814115881919861,
    "실용경제-미적분": 0.8091024160385132,
    "정치와법-윤리와사상": 0.8331584930419922,
    "정치와법-수학Ⅱ": 0.8389090299606323,
    "정치와법-확률과통계": 0.8392532467842102,
    "정치와법-세계사": 0.7559182643890381,
    "정치와법-생활과윤리": 0.8211274743080139,
    "정치와법-철학": 0.7182760834693909,
    "정치와법-수학Ⅰ": 0.8401305675506592,
    "정치와법-교육학": 0.7748230695724487,
    "정치와법-경제수학": 0.8624404668807983,
    "정치와법-정보": 0.8304923176765442,
    "정치와법-미적분": 0.8348084092140198,
    "윤리와사상-수학Ⅱ": 0.8127713203430176,
    "윤리와사상-확률과통계": 0.8094477653503418,
    "윤리와사상-세계사": 0.765245795249939,
    "윤리와사상-생활과윤리": 0.79204922914505,
    "윤리와사상-철학": 0.7901319265365601,
    "윤리와사상-수학Ⅰ": 0.8122189044952393,
    "윤리와사상-교육학": 0.7917137145996094,
    "윤리와사상-경제수학": 0.809252917766571,
    "윤리와사상-정보": 0.756962776184082,
    "윤리와사상-미적분": 0.8130061626434326,
    "수학Ⅱ-확률과통계": 0.9991017580032349,
    "수학Ⅱ-세계사": 0.7509311437606812,
    "수학Ⅱ-생활과윤리": 0.7472010850906372,
    "수학Ⅱ-철학": 0.666738748550415,
    "수학Ⅱ-수학Ⅰ": 0.9996440410614014,
    "수학Ⅱ-교육학": 0.7910385131835938,
    "수학Ⅱ-경제수학": 0.9491709470748901,
    "수학Ⅱ-정보": 0.8215370774269104,
    "수학Ⅱ-미적분": 0.9929215312004089,
    "확률과통계-세계사": 0.7558701634407043,
    "확률과통계-생활과윤리": 0.7462242841720581,
    "확률과통계-철학": 0.6652474999427795,
    "확률과통계-수학Ⅰ": 0.999411940574646,
    "확률과통계-교육학": 0.7929307222366333,
    "확률과통계-경제수학": 0.9512915015220642,
    "확률과통계-정보": 0.823447585105896,
    "확률과통계-미적분": 0.9934666156768799,
    "세계사-생활과윤리": 0.6989815831184387,
    "세계사-철학": 0.7161688208580017,
    "세계사-수학Ⅰ": 0.7520983219146729,
    "세계사-교육학": 0.7758423089981079,
    "세계사-경제수학": 0.7785669565200806,
    "세계사-정보": 0.7158702611923218,
    "세계사-미적분": 0.7555325031280518,
    "생활과윤리-철학": 0.7479561567306519,
    "생활과윤리-수학Ⅰ": 0.7467365860939026,
    "생활과윤리-교육학": 0.7246614694595337,
    "생활과윤리-경제수학": 0.7436255216598511,
    "생활과윤리-정보": 0.8133800029754639,
    "생활과윤리-미적분": 0.7457464933395386,
    "철학-수학Ⅰ": 0.6662826538085938,
    "철학-교육학": 0.7864193916320801,
    "철학-경제수학": 0.6629387140274048,
    "철학-정보": 0.6885048747062683,
    "철학-미적분": 0.6637285351753235,
    "수학Ⅰ-교육학": 0.791837215423584,
    "수학Ⅰ-경제수학": 0.9495857954025269,
    "수학Ⅰ-정보": 0.8224542140960693,
    "수학Ⅰ-미적분": 0.9931793212890625,
    "교육학-경제수학": 0.7749139070510864,
    "교육학-정보": 0.7376054525375366,
    "교육학-미적분": 0.7902032136917114,
    "경제수학-정보": 0.8299839496612549,
    "경제수학-미적분": 0.9537402987480164,
    "정보-미적분": 0.8185144662857056
}