{
    "고급수학Ⅰ": 0.6127676963806152,
    "사회문제탐구": 0.6667994260787964,
    "세계문제와미래사회": 0.6642709970474243,
    "기하": 0.6837694048881531,
    "수학과제탐구": 0.6931712627410889,
    "정보과학": 0.6810795664787292,
    "국제법": 0.7349600195884705,
    "물리학Ⅱ": 0.5808287858963013,
    "지식재산일반": 0.6575576663017273,
    "창의경영": 0.6901235580444336,
    "심화수학Ⅰ": 0.6683155298233032,
    "실용수학": 0.6763571500778198,
    "심화수학Ⅱ": 0.6441715955734253,
    "현대세계의변화": 0.7017585039138794,
    "고급수학Ⅱ": 0.6550748944282532,
    "국제관계와국제기구": 0.6739439964294434,
    "지역이해": 0.6521227359771729,
    "국제경제": 0.6959891319274902
}