{
    "논술": 0.6533970236778259,
    "고급수학Ⅰ": 0.6127676963806152,
    "논리학": 0.5969963073730469,
    "경제": 0.7218322157859802,
    "사회문제탐구": 0.6667994260787964,
    "심리학": 0.6762031316757202,
    "세계문제와미래사회": 0.6642709970474243,
    "기하": 0.6837694048881531,
    "수학과제탐구": 0.6931712627410889,
    "정보과학": 0.6810795664787292,
    "국제법": 0.7349600195884705,
    "실용경제": 0.6716512441635132,
    "물리학Ⅱ": 0.5808287858963013,
    "수학": 0.6526148319244385,
    "지식재산일반": 0.6575576663017273,
    "정치와법": 0.7191185355186462,
    "창의경영": 0.6901235580444336,
    "통합사회": 0.6714306473731995,
    "윤리와사상": 0.6706440448760986,
    "수학Ⅱ": 0.7008315324783325,
    "확률과통계": 0.7009440660476685,
    "세계사": 0.595715343952179,
    "과학탐구실험": 0.6557201147079468,
    "심화수학Ⅰ": 0.6683155298233032,
    "실용수학": 0.6763571500778198,
    "심화수학Ⅱ": 0.6441715955734253,
    "생활과윤리": 0.638331413269043,
    "철학": 0.5364111065864563,
    "현대세계의변화": 0.7017585039138794,
    "수학Ⅰ": 0.7002712488174438,
    "통합과학": 0.7044733762741089,
    "교육학": 0.5826169848442078,
    "경제수학": 0.6990543007850647,
    "고급수학Ⅱ": 0.6550748944282532,
    "정보": 0.6587422490119934,
    "미적분": 0.693252682685852,
    "국어": 0.5900546312332153,
    "국제관계와국제기구": 0.6739439964294434,
    "지역이해": 0.6521227359771729,
    "국제경제": 0.6959891319274902,
    "한국사": 0.5666842460632324,
    "영어": 0.6761673092842102
}