{
    "경제": 4.678062915802002,
    "실용경제": 4.6693878173828125,
    "수학Ⅱ": 4.769412517547607,
    "생활과윤리": 4.78981351852417,
    "수학Ⅰ": 1.73063063621521,
    "경제수학": 4.900034427642822,
    "정보": 4.5285420417785645,
    "확률과통계": 4.775059223175049,
    "미적분": 4.7859625816345215,
    "논리학": 0.9844802021980286,
    "정치와법": 0.545185923576355,
    "윤리와사상": 0.5342773795127869,
    "세계사": 0.477664053440094,
    "철학": 0.8788344264030457,
    "심리학": 0.4886724352836609,
    "논술": 0.43405571579933167,
    "교육학": 0.4588560163974762
}