{
    "수학": 5.166685104370117,
    "통합사회": 5.175244331359863,
    "과학탐구실험": 4.6851806640625,
    "통합과학": 5.234927654266357,
    "국어": 4.757351875305176,
    "한국사": 4.9999847412109375,
    "영어": 5.257108688354492
}