{
    "경제학과": 0.716242790222168,
    "법학과": 0.6427638530731201,
    "회계학과": 0.7402322292327881,
    "경영학과": 0.7555615901947021,
    "세무학과": 0.785356879234314,
    "통계학과": 0.7608410716056824,
    "수학과": 0.6341407299041748,
    "금융경영과": 0.6799906492233276,
    "금융보험학과": 0.7837742567062378
}