{
    "논술": 0.6533970236778259,
    "논리학": 0.5969963073730469,
    "경제": 0.7218322157859802,
    "심리학": 0.6762031316757202,
    "실용경제": 0.6716512441635132,
    "정치와법": 0.7191185355186462,
    "윤리와사상": 0.6706440448760986,
    "수학Ⅱ": 0.7008315324783325,
    "확률과통계": 0.7009440660476685,
    "세계사": 0.595715343952179,
    "생활과윤리": 0.638331413269043,
    "철학": 0.5364111065864563,
    "수학Ⅰ": 0.7002712488174438,
    "교육학": 0.5826169848442078,
    "경제수학": 0.6990543007850647,
    "정보": 0.6587422490119934,
    "미적분": 0.693252682685852
}