{
    "고급수학Ⅰ": 0.8323633074760437,
    "경제": 4.678062915802002,
    "사회문제탐구": 4.721577167510986,
    "국제경제": 4.149360179901123,
    "세계문제와미래사회": 4.644046306610107,
    "기하": 4.763554096221924,
    "수학과제탐구": 4.833354949951172,
    "정보과학": 4.515468597412109,
    "국제법": 3.6662631034851074,
    "실용경제": 4.6693878173828125,
    "수학": 5.166685104370117,
    "지식재산일반": 1.0689587593078613,
    "통합사회": 5.175244331359863,
    "수학Ⅱ": 4.769412517547607,
    "과학탐구실험": 4.6851806640625,
    "심화수학Ⅰ": 1.5240775346755981,
    "실용수학": 4.808677673339844,
    "심화수학Ⅱ": 0.92913419008255,
    "생활과윤리": 4.78981351852417,
    "수학Ⅰ": 1.73063063621521,
    "통합과학": 5.234927654266357,
    "경제수학": 4.900034427642822,
    "고급수학Ⅱ": 0.9678272008895874,
    "정보": 4.5285420417785645,
    "국어": 4.757351875305176,
    "확률과통계": 4.775059223175049,
    "미적분": 4.7859625816345215,
    "한국사": 4.9999847412109375,
    "영어": 5.257108688354492,
    "논리학": 0.9844802021980286,
    "정치와법": 0.545185923576355,
    "윤리와사상": 0.5342773795127869,
    "세계사": 0.477664053440094,
    "철학": 0.8788344264030457,
    "현대세계의변화": 0.5227547883987427,
    "지역이해": 3.266361951828003,
    "심리학": 0.4886724352836609,
    "국제관계와국제기구": 3.1130380630493164,
    "창의경영": 0.599711000919342,
    "논술": 0.43405571579933167,
    "물리학Ⅱ": 0.45727863907814026,
    "교육학": 0.4588560163974762
}