{
    "수학": 0.6526148319244385,
    "통합사회": 0.6714306473731995,
    "과학탐구실험": 0.6557201147079468,
    "통합과학": 0.7044733762741089,
    "국어": 0.5900546312332153,
    "한국사": 0.5666842460632324,
    "영어": 0.6761673092842102
}