{
    "논리학": 0.4291785955429077,
    "경제": 0.5332772135734558,
    "사회문제탐구": 0.47915637493133545,
    "세계지리": 0.5141155123710632,
    "심리학": 0.48668891191482544,
    "세계문제와미래사회": 0.49925896525382996,
    "국제법": 0.5239869952201843,
    "수학": 1.7677685022354126,
    "비교문화": 0.5485975742340088,
    "정치와법": 0.5418393015861511,
    "윤리와사상": 0.488931804895401,
    "통합사회": 1.8124518394470215,
    "세계사": 0.5066605806350708,
    "과학탐구실험": 1.6104469299316406,
    "철학": 0.4501177668571472,
    "생활과윤리": 0.46923312544822693,
    "현대세계의변화": 0.5542341470718384,
    "통합과학": 1.8293685913085938,
    "한국지리": 0.49087631702423096,
    "국어": 1.663742184638977,
    "국제관계와국제기구": 0.5218595862388611,
    "지역이해": 0.4943021833896637,
    "국제정치": 0.5113466382026672,
    "국제경제": 0.5195100903511047,
    "한국사": 1.6774091720581055,
    "영어": 1.7448065280914307,
    "융합과학탐구": 0.6315484046936035,
    "기하": 0.6334245800971985,
    "공학일반": 0.6020920872688293,
    "생활과과학": 0.6384902596473694,
    "정보과학": 0.625299870967865,
    "융합과학": 0.6439911127090454,
    "물리학Ⅱ": 0.5765734314918518,
    "화학실험": 0.6272547245025635,
    "고급화학": 0.6161757111549377,
    "생명과학Ⅱ": 1.2472245693206787,
    "생태와환경": 0.665651261806488,
    "고급물리학": 0.5881233215332031,
    "생명과학실험": 1.10634446144104,
    "과학과제연구": 1.2286243438720703,
    "정보": 0.6284312605857849,
    "물리학실험": 0.5681848526000977,
    "고급생명과학": 1.1440562009811401,
    "물리학Ⅰ": 0.6440907716751099,
    "화학Ⅱ": 0.6102489829063416,
    "확률과통계": 0.645034909248352,
    "미적분": 0.6453297734260559,
    "체육": 0.6108043193817139,
    "생명과학Ⅰ": 0.6282304525375366,
    "영어Ⅱ": 0.6400548815727234,
    "운동과건강": 0.616295337677002,
    "체육탐구": 0.5542400479316711,
    "영어Ⅰ": 0.636393129825592,
    "영어독해와작문": 0.6257731914520264,
    "체육전공실기응용": 0.5115988254547119,
    "스포츠생활": 0.6088822484016418
}