{
    "행정학과": 0.6719193458557129,
    "소방안전관리과": 0.8852032423019409,
    "응급구조과": 0.8355213403701782
}