{
    "논리학-체육": 0.6737347841262817,
    "논리학-경제": 0.6764854192733765,
    "논리학-세계지리": 0.6831099390983582,
    "논리학-심리학": 0.7198021411895752,
    "논리학-생명과학Ⅰ": 0.6799732446670532,
    "논리학-영어Ⅱ": 0.7354449033737183,
    "논리학-운동과건강": 0.6634359359741211,
    "논리학-정치와법": 0.7474896907806396,
    "논리학-윤리와사상": 0.758925199508667,
    "논리학-세계사": 0.6657602190971375,
    "논리학-체육탐구": 0.6703085899353027,
    "논리학-철학": 0.6393886804580688,
    "논리학-영어Ⅰ": 0.7553013563156128,
    "논리학-생활과윤리": 0.6800609827041626,
    "논리학-정보": 0.6403164863586426,
    "논리학-영어독해와작문": 0.7839061617851257,
    "논리학-한국지리": 0.7294168472290039,
    "논리학-물리학Ⅰ": 0.7241020202636719,
    "논리학-확률과통계": 0.7355728149414062,
    "논리학-미적분": 0.7542750835418701,
    "체육-경제": 0.794611930847168,
    "체육-세계지리": 0.759422779083252,
    "체육-심리학": 0.8425835967063904,
    "체육-생명과학Ⅰ": 0.8037281036376953,
    "체육-영어Ⅱ": 0.8863635659217834,
    "체육-운동과건강": 0.8448784947395325,
    "체육-정치와법": 0.8215479254722595,
    "체육-윤리와사상": 0.8260126113891602,
    "체육-세계사": 0.7329404354095459,
    "체육-체육탐구": 0.8728458881378174,
    "체육-철학": 0.740474283695221,
    "체육-영어Ⅰ": 0.8973199129104614,
    "체육-생활과윤리": 0.7764688730239868,
    "체육-정보": 0.8144000172615051,
    "체육-영어독해와작문": 0.8552835583686829,
    "체육-한국지리": 0.7788683176040649,
    "체육-물리학Ⅰ": 0.8441979885101318,
    "체육-확률과통계": 0.8646879196166992,
    "체육-미적분": 0.8508270382881165,
    "경제-세계지리": 0.7936976552009583,
    "경제-심리학": 0.8010290861129761,
    "경제-생명과학Ⅰ": 0.7969983816146851,
    "경제-영어Ⅱ": 0.8294496536254883,
    "경제-운동과건강": 0.7804170846939087,
    "경제-정치와법": 0.8790261745452881,
    "경제-윤리와사상": 0.7968957424163818,
    "경제-세계사": 0.7472749948501587,
    "경제-체육탐구": 0.795058012008667,
    "경제-철학": 0.7185060977935791,
    "경제-영어Ⅰ": 0.8274719715118408,
    "경제-생활과윤리": 0.8263617157936096,
    "경제-정보": 0.8528392314910889,
    "경제-영어독해와작문": 0.7944754362106323,
    "경제-한국지리": 0.7820277810096741,
    "경제-물리학Ⅰ": 0.8536773324012756,
    "경제-확률과통계": 0.7993015050888062,
    "경제-미적분": 0.7927296161651611,
    "세계지리-심리학": 0.7654731869697571,
    "세계지리-생명과학Ⅰ": 0.7647830247879028,
    "세계지리-영어Ⅱ": 0.787704348564148,
    "세계지리-운동과건강": 0.7342240810394287,
    "세계지리-정치와법": 0.8114008903503418,
    "세계지리-윤리와사상": 0.8302608728408813,
    "세계지리-세계사": 0.8130085468292236,
    "세계지리-체육탐구": 0.7181171178817749,
    "세계지리-철학": 0.7303297519683838,
    "세계지리-영어Ⅰ": 0.7778545618057251,
    "세계지리-생활과윤리": 0.698403000831604,
    "세계지리-정보": 0.7210276126861572,
    "세계지리-영어독해와작문": 0.765018105506897,
    "세계지리-한국지리": 0.8323454260826111,
    "세계지리-물리학Ⅰ": 0.7456031441688538,
    "세계지리-확률과통계": 0.7859503626823425,
    "세계지리-미적분": 0.7804141044616699,
    "심리학-생명과학Ⅰ": 0.7969474792480469,
    "심리학-영어Ⅱ": 0.8605709075927734,
    "심리학-운동과건강": 0.828412652015686,
    "심리학-정치와법": 0.7798304557800293,
    "심리학-윤리와사상": 0.8430343866348267,
    "심리학-세계사": 0.7350033521652222,
    "심리학-체육탐구": 0.7859309911727905,
    "심리학-철학": 0.8186454772949219,
    "심리학-영어Ⅰ": 0.8649395704269409,
    "심리학-생활과윤리": 0.8183430433273315,
    "심리학-정보": 0.79620361328125,
    "심리학-영어독해와작문": 0.8302894234657288,
    "심리학-한국지리": 0.7559670209884644,
    "심리학-물리학Ⅰ": 0.8151674270629883,
    "심리학-확률과통계": 0.7961694598197937,
    "심리학-미적분": 0.8017492294311523,
    "생명과학Ⅰ-영어Ⅱ": 0.8282514214515686,
    "생명과학Ⅰ-운동과건강": 0.827161967754364,
    "생명과학Ⅰ-정치와법": 0.7942852973937988,
    "생명과학Ⅰ-윤리와사상": 0.8363608121871948,
    "생명과학Ⅰ-세계사": 0.7377525568008423,
    "생명과학Ⅰ-체육탐구": 0.7885837554931641,
    "생명과학Ⅰ-철학": 0.7113132476806641,
    "생명과학Ⅰ-영어Ⅰ": 0.8218635320663452,
    "생명과학Ⅰ-생활과윤리": 0.7782621383666992,
    "생명과학Ⅰ-정보": 0.7845885753631592,
    "생명과학Ⅰ-영어독해와작문": 0.817011833190918,
    "생명과학Ⅰ-한국지리": 0.7749407291412354,
    "생명과학Ⅰ-물리학Ⅰ": 0.8153516054153442,
    "생명과학Ⅰ-확률과통계": 0.779738187789917,
    "생명과학Ⅰ-미적분": 0.7814716696739197,
    "영어Ⅱ-운동과건강": 0.8015118837356567,
    "영어Ⅱ-정치와법": 0.8385131359100342,
    "영어Ⅱ-윤리와사상": 0.8492419719696045,
    "영어Ⅱ-세계사": 0.7367160320281982,
    "영어Ⅱ-체육탐구": 0.8494439125061035,
    "영어Ⅱ-철학": 0.7299681901931763,
    "영어Ⅱ-영어Ⅰ": 0.9760140180587769,
    "영어Ⅱ-생활과윤리": 0.8127317428588867,
    "영어Ⅱ-정보": 0.8659369945526123,
    "영어Ⅱ-영어독해와작문": 0.9219309687614441,
    "영어Ⅱ-한국지리": 0.8033738136291504,
    "영어Ⅱ-물리학Ⅰ": 0.8685753345489502,
    "영어Ⅱ-확률과통계": 0.8897008299827576,
    "영어Ⅱ-미적분": 0.8861692547798157,
    "운동과건강-정치와법": 0.7664232850074768,
    "운동과건강-윤리와사상": 0.7849283814430237,
    "운동과건강-세계사": 0.7274340987205505,
    "운동과건강-체육탐구": 0.780595600605011,
    "운동과건강-철학": 0.7057893872261047,
    "운동과건강-영어Ⅰ": 0.8214370012283325,
    "운동과건강-생활과윤리": 0.7662467956542969,
    "운동과건강-정보": 0.7563005089759827,
    "운동과건강-영어독해와작문": 0.7886855602264404,
    "운동과건강-한국지리": 0.751476526260376,
    "운동과건강-물리학Ⅰ": 0.776265025138855,
    "운동과건강-확률과통계": 0.7714614272117615,
    "운동과건강-미적분": 0.762025773525238,
    "정치와법-윤리와사상": 0.8331584930419922,
    "정치와법-세계사": 0.7559182643890381,
    "정치와법-체육탐구": 0.7929199934005737,
    "정치와법-철학": 0.7182760834693909,
    "정치와법-영어Ⅰ": 0.8405685424804688,
    "정치와법-생활과윤리": 0.8211274743080139,
    "정치와법-정보": 0.8304923176765442,
    "정치와법-영어독해와작문": 0.8115151524543762,
    "정치와법-한국지리": 0.8116945028305054,
    "정치와법-물리학Ⅰ": 0.8640998005867004,
    "정치와법-확률과통계": 0.8392532467842102,
    "정치와법-미적분": 0.8348084092140198,
    "윤리와사상-세계사": 0.765245795249939,
    "윤리와사상-체육탐구": 0.7578779458999634,
    "윤리와사상-철학": 0.7901319265365601,
    "윤리와사상-영어Ⅰ": 0.8541671633720398,
    "윤리와사상-생활과윤리": 0.79204922914505,
    "윤리와사상-정보": 0.756962776184082,
    "윤리와사상-영어독해와작문": 0.849030613899231,
    "윤리와사상-한국지리": 0.8303845524787903,
    "윤리와사상-물리학Ⅰ": 0.8207040429115295,
    "윤리와사상-확률과통계": 0.8094477653503418,
    "윤리와사상-미적분": 0.8130061626434326,
    "세계사-체육탐구": 0.7398620843887329,
    "세계사-철학": 0.7161688208580017,
    "세계사-영어Ⅰ": 0.7419253587722778,
    "세계사-생활과윤리": 0.6989815831184387,
    "세계사-정보": 0.7158702611923218,
    "세계사-영어독해와작문": 0.7535983324050903,
    "세계사-한국지리": 0.7390340566635132,
    "세계사-물리학Ⅰ": 0.7370251417160034,
    "세계사-확률과통계": 0.7558701634407043,
    "세계사-미적분": 0.7555325031280518,
    "체육탐구-철학": 0.7001796960830688,
    "체육탐구-영어Ⅰ": 0.836485743522644,
    "체육탐구-생활과윤리": 0.7499894499778748,
    "체육탐구-정보": 0.7988564968109131,
    "체육탐구-영어독해와작문": 0.806941568851471,
    "체육탐구-한국지리": 0.7225749492645264,
    "체육탐구-물리학Ⅰ": 0.8219230771064758,
    "체육탐구-확률과통계": 0.8334859609603882,
    "체육탐구-미적분": 0.8158029317855835,
    "철학-영어Ⅰ": 0.7193509340286255,
    "철학-생활과윤리": 0.7479561567306519,
    "철학-정보": 0.6885048747062683,
    "철학-영어독해와작문": 0.7213166952133179,
    "철학-한국지리": 0.676220178604126,
    "철학-물리학Ⅰ": 0.7110493779182434,
    "철학-확률과통계": 0.6652474999427795,
    "철학-미적분": 0.6637285351753235,
    "영어Ⅰ-생활과윤리": 0.8003696203231812,
    "영어Ⅰ-정보": 0.8612086176872253,
    "영어Ⅰ-영어독해와작문": 0.9365150928497314,
    "영어Ⅰ-한국지리": 0.8170819282531738,
    "영어Ⅰ-물리학Ⅰ": 0.880915105342865,
    "영어Ⅰ-확률과통계": 0.9125169515609741,
    "영어Ⅰ-미적분": 0.9083600044250488,
    "생활과윤리-정보": 0.8133800029754639,
    "생활과윤리-영어독해와작문": 0.785764753818512,
    "생활과윤리-한국지리": 0.695559561252594,
    "생활과윤리-물리학Ⅰ": 0.8014423251152039,
    "생활과윤리-확률과통계": 0.7462242841720581,
    "생활과윤리-미적분": 0.7457464933395386,
    "정보-영어독해와작문": 0.8153038024902344,
    "정보-한국지리": 0.73947674036026,
    "정보-물리학Ⅰ": 0.8928303718566895,
    "정보-확률과통계": 0.823447585105896,
    "정보-미적분": 0.8185144662857056,
    "영어독해와작문-한국지리": 0.8092716932296753,
    "영어독해와작문-물리학Ⅰ": 0.8408507108688354,
    "영어독해와작문-확률과통계": 0.8755891919136047,
    "영어독해와작문-미적분": 0.8846297860145569,
    "한국지리-물리학Ⅰ": 0.7621650695800781,
    "한국지리-확률과통계": 0.7925899028778076,
    "한국지리-미적분": 0.7925518751144409,
    "물리학Ⅰ-확률과통계": 0.8575918674468994,
    "물리학Ⅰ-미적분": 0.8568704724311829,
    "확률과통계-미적분": 0.9934666156768799
}