{
    "논리학": 0.576309323310852,
    "체육": 0.6819895505905151,
    "경제": 0.6643016338348389,
    "세계지리": 0.6537672281265259,
    "심리학": 0.6546237468719482,
    "생명과학Ⅰ": 0.6572802066802979,
    "영어Ⅱ": 0.6871092319488525,
    "운동과건강": 0.6977911591529846,
    "정치와법": 0.6966524720191956,
    "윤리와사상": 0.6523335576057434,
    "세계사": 0.590698778629303,
    "체육탐구": 0.5894005298614502,
    "철학": 0.49898380041122437,
    "영어Ⅰ": 0.6892480850219727,
    "생활과윤리": 0.6141248941421509,
    "정보": 0.6330528855323792,
    "영어독해와작문": 0.6400579810142517,
    "한국지리": 0.651621401309967,
    "물리학Ⅰ": 0.6656556725502014,
    "확률과통계": 0.6620989441871643,
    "미적분": 0.6537231206893921
}