{
    "논리학": 0.4291785955429077,
    "경제": 0.5332772135734558,
    "세계지리": 0.5141155123710632,
    "심리학": 0.48668891191482544,
    "정치와법": 0.5418393015861511,
    "윤리와사상": 0.488931804895401,
    "세계사": 0.5066605806350708,
    "철학": 0.4501177668571472,
    "생활과윤리": 0.46923312544822693,
    "한국지리": 0.49087631702423096,
    "정보": 0.6284312605857849,
    "물리학Ⅰ": 0.6440907716751099,
    "확률과통계": 0.645034909248352,
    "미적분": 0.6453297734260559,
    "체육": 0.6108043193817139,
    "생명과학Ⅰ": 0.6282304525375366,
    "영어Ⅱ": 0.6400548815727234,
    "운동과건강": 0.616295337677002,
    "체육탐구": 0.5542400479316711,
    "영어Ⅰ": 0.636393129825592,
    "영어독해와작문": 0.6257731914520264
}