{
    "수학": 0.6569080948829651,
    "통합사회": 0.6770893335342407,
    "과학탐구실험": 0.6638261079788208,
    "통합과학": 0.7022210359573364,
    "국어": 0.6152870655059814,
    "한국사": 0.5925101041793823,
    "영어": 0.6506525874137878
}