{
    "융합과학탐구": 0.694685697555542,
    "사회문제탐구": 0.6692481637001038,
    "세계문제와미래사회": 0.6402339339256287,
    "기하": 0.6422632932662964,
    "국제경제": 0.6621679067611694,
    "공학일반": 0.6288844347000122,
    "생활과과학": 0.6613380908966064,
    "정보과학": 0.6491559743881226,
    "융합과학": 0.6471877694129944,
    "물리학Ⅱ": 0.578585147857666,
    "화학실험": 0.6536622047424316,
    "국제법": 0.7122355699539185,
    "고급화학": 0.6516193747520447,
    "생명과학Ⅱ": 0.6552737951278687,
    "비교문화": 0.7430626749992371,
    "생태와환경": 0.6744614839553833,
    "고급물리학": 0.6245071887969971,
    "생명과학실험": 0.6445932984352112,
    "과학과제연구": 0.6953222751617432,
    "현대세계의변화": 0.6994389891624451,
    "물리학실험": 0.6421387791633606,
    "고급생명과학": 0.6270501613616943,
    "체육전공실기응용": 0.6236977577209473,
    "국제관계와국제기구": 0.645524263381958,
    "지역이해": 0.6600494980812073,
    "화학Ⅱ": 0.606713593006134,
    "스포츠생활": 0.6645016670227051,
    "국제정치": 0.6515157222747803
}