{
    "논리학": 0.576309323310852,
    "체육": 0.6819895505905151,
    "융합과학탐구": 0.694685697555542,
    "경제": 0.6643016338348389,
    "사회문제탐구": 0.6692481637001038,
    "세계지리": 0.6537672281265259,
    "심리학": 0.6546237468719482,
    "세계문제와미래사회": 0.6402339339256287,
    "기하": 0.6422632932662964,
    "국제경제": 0.6621679067611694,
    "공학일반": 0.6288844347000122,
    "생활과과학": 0.6613380908966064,
    "정보과학": 0.6491559743881226,
    "생명과학Ⅰ": 0.6572802066802979,
    "영어Ⅱ": 0.6871092319488525,
    "운동과건강": 0.6977911591529846,
    "융합과학": 0.6471877694129944,
    "물리학Ⅱ": 0.578585147857666,
    "화학실험": 0.6536622047424316,
    "국제법": 0.7122355699539185,
    "수학": 0.6569080948829651,
    "고급화학": 0.6516193747520447,
    "생명과학Ⅱ": 0.6552737951278687,
    "비교문화": 0.7430626749992371,
    "정치와법": 0.6966524720191956,
    "생태와환경": 0.6744614839553833,
    "통합사회": 0.6770893335342407,
    "윤리와사상": 0.6523335576057434,
    "세계사": 0.590698778629303,
    "과학탐구실험": 0.6638261079788208,
    "체육탐구": 0.5894005298614502,
    "고급물리학": 0.6245071887969971,
    "생명과학실험": 0.6445932984352112,
    "과학과제연구": 0.6953222751617432,
    "철학": 0.49898380041122437,
    "영어Ⅰ": 0.6892480850219727,
    "생활과윤리": 0.6141248941421509,
    "현대세계의변화": 0.6994389891624451,
    "통합과학": 0.7022210359573364,
    "정보": 0.6330528855323792,
    "물리학실험": 0.6421387791633606,
    "영어독해와작문": 0.6400579810142517,
    "한국지리": 0.651621401309967,
    "국어": 0.6152870655059814,
    "고급생명과학": 0.6270501613616943,
    "체육전공실기응용": 0.6236977577209473,
    "물리학Ⅰ": 0.6656556725502014,
    "국제관계와국제기구": 0.645524263381958,
    "지역이해": 0.6600494980812073,
    "화학Ⅱ": 0.606713593006134,
    "스포츠생활": 0.6645016670227051,
    "국제정치": 0.6515157222747803,
    "확률과통계": 0.6620989441871643,
    "미적분": 0.6537231206893921,
    "한국사": 0.5925101041793823,
    "영어": 0.6506525874137878
}