{
    "사회문제탐구": 0.47915637493133545,
    "세계문제와미래사회": 0.49925896525382996,
    "국제법": 0.5239869952201843,
    "비교문화": 0.5485975742340088,
    "현대세계의변화": 0.5542341470718384,
    "국제관계와국제기구": 0.5218595862388611,
    "지역이해": 0.4943021833896637,
    "국제정치": 0.5113466382026672,
    "국제경제": 0.5195100903511047,
    "융합과학탐구": 0.6315484046936035,
    "기하": 0.6334245800971985,
    "공학일반": 0.6020920872688293,
    "생활과과학": 0.6384902596473694,
    "정보과학": 0.625299870967865,
    "융합과학": 0.6439911127090454,
    "물리학Ⅱ": 0.5765734314918518,
    "화학실험": 0.6272547245025635,
    "고급화학": 0.6161757111549377,
    "생명과학Ⅱ": 1.2472245693206787,
    "생태와환경": 0.665651261806488,
    "고급물리학": 0.5881233215332031,
    "생명과학실험": 1.10634446144104,
    "과학과제연구": 1.2286243438720703,
    "물리학실험": 0.5681848526000977,
    "고급생명과학": 1.1440562009811401,
    "화학Ⅱ": 0.6102489829063416,
    "체육전공실기응용": 0.5115988254547119,
    "스포츠생활": 0.6088822484016418
}