{
    "수학": 1.7677685022354126,
    "통합사회": 1.8124518394470215,
    "과학탐구실험": 1.6104469299316406,
    "통합과학": 1.8293685913085938,
    "국어": 1.663742184638977,
    "한국사": 1.6774091720581055,
    "영어": 1.7448065280914307
}