{
    "음악사": 1.1720613241195679,
    "수학": 4.070382118225098,
    "윤리와사상": 2.2740559577941895,
    "통합사회": 4.086712837219238,
    "과학탐구실험": 3.7084832191467285,
    "음악연주": 1.1762241125106812,
    "철학": 3.3451128005981445,
    "생활과윤리": 3.6118016242980957,
    "통합과학": 4.0642266273498535,
    "음악이론": 1.112900733947754,
    "교육학": 1.0180319547653198,
    "음악": 1.655426263809204,
    "음악감상과비평": 1.1045535802841187,
    "음악전공실기": 1.1676992177963257,
    "국어": 3.896698474884033,
    "심리학": 3.845350742340088,
    "한국사": 4.009026527404785,
    "영어": 4.106924533843994,
    "논술": 1.6589206457138062,
    "논리학": 2.1525487899780273,
    "고전읽기": 2.4743309020996094,
    "사회문제탐구": 2.9526755809783936,
    "세계문제와미래사회": 2.386960983276367,
    "독서": 2.2971713542938232,
    "세계사": 2.8561596870422363,
    "문학": 2.3454225063323975,
    "현대세계의변화": 2.5030720233917236,
    "화법과작문": 2.311156988143921,
    "실용국어": 2.3151168823242188,
    "지역이해": 2.2209434509277344,
    "심화국어": 2.3549180030822754,
    "언어와매체": 2.3918604850769043,
    "정치와법": 1.1655077934265137,
    "연극": 0.5540454983711243,
    "문학과매체": 0.5407264828681946,
    "시창작": 0.5443913340568542,
    "고전과윤리": 0.5372552871704102,
    "극창작": 0.5418338179588318,
    "미술": 0.5103470087051392,
    "종교학": 0.5331234335899353,
    "한문Ⅰ": 0.5222602486610413,
    "소설창작": 0.545147180557251,
    "문학개론": 0.5253288149833679,
    "문예창작입문": 0.5465643405914307,
    "현대문학감상": 0.5213354229927063,
    "고전문학감상": 0.5120589733123779,
    "경제": 0.5350179672241211,
    "세계지리": 0.5679386854171753,
    "국제법": 0.5640062689781189,
    "비교문화": 0.5831403136253357,
    "한국지리": 0.5799928903579712,
    "국제관계와국제기구": 0.5655415654182434,
    "한국사회의이해": 0.5978096723556519,
    "국제경제": 0.5328508019447327
}