{
    "윤리와사상": 2.2740559577941895,
    "음악연주": 1.1762241125106812,
    "철학": 3.3451128005981445,
    "생활과윤리": 3.6118016242980957,
    "교육학": 1.0180319547653198,
    "음악": 1.655426263809204,
    "음악감상과비평": 1.1045535802841187,
    "심리학": 3.845350742340088,
    "논술": 1.6589206457138062,
    "논리학": 2.1525487899780273,
    "독서": 2.2971713542938232,
    "세계사": 2.8561596870422363,
    "문학": 2.3454225063323975,
    "화법과작문": 2.311156988143921,
    "언어와매체": 2.3918604850769043,
    "정치와법": 1.1655077934265137,
    "연극": 0.5540454983711243,
    "미술": 0.5103470087051392,
    "종교학": 0.5331234335899353,
    "한문Ⅰ": 0.5222602486610413,
    "경제": 0.5350179672241211,
    "세계지리": 0.5679386854171753,
    "한국지리": 0.5799928903579712
}