{
    "수학": 0.7052388191223145,
    "통합사회": 0.7451809644699097,
    "과학탐구실험": 0.6698106527328491,
    "통합과학": 0.7410919666290283,
    "국어": 0.6791092753410339,
    "한국사": 0.6833879947662354,
    "영어": 0.7504621744155884
}