{
    "수학": 4.070382118225098,
    "통합사회": 4.086712837219238,
    "과학탐구실험": 3.7084832191467285,
    "통합과학": 4.0642266273498535,
    "국어": 3.896698474884033,
    "한국사": 4.009026527404785,
    "영어": 4.106924533843994
}