{
    "논술": 0.6475367546081543,
    "논리학": 0.6555230617523193,
    "경제": 0.730770468711853,
    "사회문제탐구": 0.758928120136261,
    "고전읽기": 0.7738210558891296,
    "연극": 0.7781752347946167,
    "세계지리": 0.6732085943222046,
    "국제경제": 0.6889563798904419,
    "문학과매체": 0.7553578019142151,
    "시창작": 0.750321090221405,
    "세계문제와미래사회": 0.7149215936660767,
    "음악사": 0.7720919251441956,
    "고전과윤리": 0.726468563079834,
    "국제법": 0.7298983931541443,
    "수학": 0.7052388191223145,
    "독서": 0.7131724953651428,
    "비교문화": 0.7950115203857422,
    "정치와법": 0.740027904510498,
    "윤리와사상": 0.7366946935653687,
    "극창작": 0.755581796169281,
    "통합사회": 0.7451809644699097,
    "세계사": 0.668815016746521,
    "과학탐구실험": 0.6698106527328491,
    "미술": 0.6898390650749207,
    "종교학": 0.730175256729126,
    "한문Ⅰ": 0.7215068340301514,
    "문학": 0.7196415066719055,
    "음악연주": 0.7385172843933105,
    "철학": 0.5816411375999451,
    "생활과윤리": 0.6775950193405151,
    "소설창작": 0.7473831176757812,
    "현대세계의변화": 0.7288025617599487,
    "화법과작문": 0.7379388809204102,
    "문학개론": 0.7055263519287109,
    "통합과학": 0.7410919666290283,
    "음악이론": 0.7427060604095459,
    "교육학": 0.6400024890899658,
    "음악": 0.7728549838066101,
    "음악감상과비평": 0.7468478679656982,
    "한국지리": 0.6960998773574829,
    "국어": 0.6791092753410339,
    "문예창작입문": 0.7415684461593628,
    "음악전공실기": 0.7427763938903809,
    "국제관계와국제기구": 0.7391021847724915,
    "실용국어": 0.7651581764221191,
    "현대문학감상": 0.7146732807159424,
    "지역이해": 0.7292018532752991,
    "심화국어": 0.7292405366897583,
    "언어와매체": 0.7596249580383301,
    "한국사회의이해": 0.7623971700668335,
    "심리학": 0.7118250131607056,
    "한국사": 0.6833879947662354,
    "영어": 0.7504621744155884,
    "고전문학감상": 0.6957820653915405
}