{
    "연극영화과": 0.7903468608856201,
    "연극영화학과": 0.7058563232421875,
    "신문방송학과": 0.824355959892273,
    "언론홍보학과": 0.7839899063110352,
    "국어국문학과": 0.7046836018562317,
    "사회학과": 0.6999750137329102,
    "방송영상과": 0.8017457127571106
}