{
    "논술-논리학": 0.5935518145561218,
    "논술-경제": 0.7608529329299927,
    "논술-연극": 0.7385485172271729,
    "논술-세계지리": 0.6912822723388672,
    "논술-독서": 0.855664849281311,
    "논술-정치와법": 0.7613621950149536,
    "논술-윤리와사상": 0.7579945921897888,
    "논술-세계사": 0.6632894277572632,
    "논술-미술": 0.717225193977356,
    "논술-종교학": 0.7100668549537659,
    "논술-한문Ⅰ": 0.7375978827476501,
    "논술-문학": 0.7924181222915649,
    "논술-음악연주": 0.8078774213790894,
    "논술-철학": 0.6680351495742798,
    "논술-생활과윤리": 0.7262682914733887,
    "논술-화법과작문": 0.8590111136436462,
    "논술-교육학": 0.7409292459487915,
    "논술-음악": 0.6854215860366821,
    "논술-음악감상과비평": 0.7263431549072266,
    "논술-한국지리": 0.694801926612854,
    "논술-언어와매체": 0.8545112013816833,
    "논술-심리학": 0.7785155177116394,
    "논리학-경제": 0.6764854192733765,
    "논리학-연극": 0.697533369064331,
    "논리학-세계지리": 0.6831099390983582,
    "논리학-독서": 0.6524430513381958,
    "논리학-정치와법": 0.7474896907806396,
    "논리학-윤리와사상": 0.758925199508667,
    "논리학-세계사": 0.6657602190971375,
    "논리학-미술": 0.6904774904251099,
    "논리학-종교학": 0.7372220754623413,
    "논리학-한문Ⅰ": 0.6578003168106079,
    "논리학-문학": 0.6661966443061829,
    "논리학-음악연주": 0.6611196994781494,
    "논리학-철학": 0.6393886804580688,
    "논리학-생활과윤리": 0.6800609827041626,
    "논리학-화법과작문": 0.6838573217391968,
    "논리학-교육학": 0.7013674974441528,
    "논리학-음악": 0.6718584895133972,
    "논리학-음악감상과비평": 0.6413268446922302,
    "논리학-한국지리": 0.7294168472290039,
    "논리학-언어와매체": 0.6792768239974976,
    "논리학-심리학": 0.7198021411895752,
    "경제-연극": 0.7912803888320923,
    "경제-세계지리": 0.7936976552009583,
    "경제-독서": 0.7565330862998962,
    "경제-정치와법": 0.8790261745452881,
    "경제-윤리와사상": 0.7968957424163818,
    "경제-세계사": 0.7472749948501587,
    "경제-미술": 0.7305752038955688,
    "경제-종교학": 0.7569688558578491,
    "경제-한문Ⅰ": 0.7702816724777222,
    "경제-문학": 0.7621811628341675,
    "경제-음악연주": 0.7796163558959961,
    "경제-철학": 0.7185060977935791,
    "경제-생활과윤리": 0.8263617157936096,
    "경제-화법과작문": 0.8019500374794006,
    "경제-교육학": 0.7704116106033325,
    "경제-음악": 0.7527190446853638,
    "경제-음악감상과비평": 0.767522931098938,
    "경제-한국지리": 0.7820277810096741,
    "경제-언어와매체": 0.7949945330619812,
    "경제-심리학": 0.8010290861129761,
    "연극-세계지리": 0.810695230960846,
    "연극-독서": 0.796461820602417,
    "연극-정치와법": 0.8034249544143677,
    "연극-윤리와사상": 0.8233223557472229,
    "연극-세계사": 0.8006426095962524,
    "연극-미술": 0.8203185796737671,
    "연극-종교학": 0.7837342023849487,
    "연극-한문Ⅰ": 0.8214683532714844,
    "연극-문학": 0.8320847153663635,
    "연극-음악연주": 0.8490219116210938,
    "연극-철학": 0.7637917995452881,
    "연극-생활과윤리": 0.7547342777252197,
    "연극-화법과작문": 0.8322612643241882,
    "연극-교육학": 0.7801822423934937,
    "연극-음악": 0.8677517175674438,
    "연극-음악감상과비평": 0.8622662425041199,
    "연극-한국지리": 0.7382737398147583,
    "연극-언어와매체": 0.7979881763458252,
    "연극-심리학": 0.797008752822876,
    "세계지리-독서": 0.7126482129096985,
    "세계지리-정치와법": 0.8114008903503418,
    "세계지리-윤리와사상": 0.8302608728408813,
    "세계지리-세계사": 0.8130085468292236,
    "세계지리-미술": 0.7098384499549866,
    "세계지리-종교학": 0.7647809982299805,
    "세계지리-한문Ⅰ": 0.7284015417098999,
    "세계지리-문학": 0.7342616319656372,
    "세계지리-음악연주": 0.7554599642753601,
    "세계지리-철학": 0.7303297519683838,
    "세계지리-생활과윤리": 0.698403000831604,
    "세계지리-화법과작문": 0.7087778449058533,
    "세계지리-교육학": 0.7320691347122192,
    "세계지리-음악": 0.7478827238082886,
    "세계지리-음악감상과비평": 0.758310079574585,
    "세계지리-한국지리": 0.8323454260826111,
    "세계지리-언어와매체": 0.7296954989433289,
    "세계지리-심리학": 0.7654731869697571,
    "독서-정치와법": 0.7597079277038574,
    "독서-윤리와사상": 0.7811845541000366,
    "독서-세계사": 0.7323940396308899,
    "독서-미술": 0.7595349550247192,
    "독서-종교학": 0.742221474647522,
    "독서-한문Ⅰ": 0.7823792695999146,
    "독서-문학": 0.8445650339126587,
    "독서-음악연주": 0.7882084846496582,
    "독서-철학": 0.6959902048110962,
    "독서-생활과윤리": 0.726064145565033,
    "독서-화법과작문": 0.8726683855056763,
    "독서-교육학": 0.7653445601463318,
    "독서-음악": 0.7460454702377319,
    "독서-음악감상과비평": 0.746891975402832,
    "독서-한국지리": 0.718658447265625,
    "독서-언어와매체": 0.8845205307006836,
    "독서-심리학": 0.7515020370483398,
    "정치와법-윤리와사상": 0.8331584930419922,
    "정치와법-세계사": 0.7559182643890381,
    "정치와법-미술": 0.7397716045379639,
    "정치와법-종교학": 0.8046931028366089,
    "정치와법-한문Ⅰ": 0.7720573544502258,
    "정치와법-문학": 0.7807203531265259,
    "정치와법-음악연주": 0.7792201638221741,
    "정치와법-철학": 0.7182760834693909,
    "정치와법-생활과윤리": 0.8211274743080139,
    "정치와법-화법과작문": 0.8138991594314575,
    "정치와법-교육학": 0.7748230695724487,
    "정치와법-음악": 0.746599018573761,
    "정치와법-음악감상과비평": 0.7554978132247925,
    "정치와법-한국지리": 0.8116945028305054,
    "정치와법-언어와매체": 0.8200656771659851,
    "정치와법-심리학": 0.7798304557800293,
    "윤리와사상-세계사": 0.765245795249939,
    "윤리와사상-미술": 0.7581350207328796,
    "윤리와사상-종교학": 0.8439805507659912,
    "윤리와사상-한문Ⅰ": 0.7753239274024963,
    "윤리와사상-문학": 0.7872070074081421,
    "윤리와사상-음악연주": 0.8065344095230103,
    "윤리와사상-철학": 0.7901319265365601,
    "윤리와사상-생활과윤리": 0.79204922914505,
    "윤리와사상-화법과작문": 0.7748072147369385,
    "윤리와사상-교육학": 0.7917137145996094,
    "윤리와사상-음악": 0.7957553267478943,
    "윤리와사상-음악감상과비평": 0.8156706094741821,
    "윤리와사상-한국지리": 0.8303845524787903,
    "윤리와사상-언어와매체": 0.7696611881256104,
    "윤리와사상-심리학": 0.8430343866348267,
    "세계사-미술": 0.7322316765785217,
    "세계사-종교학": 0.7360367178916931,
    "세계사-한문Ⅰ": 0.7527744770050049,
    "세계사-문학": 0.7409687042236328,
    "세계사-음악연주": 0.6991412043571472,
    "세계사-철학": 0.7161688208580017,
    "세계사-생활과윤리": 0.6989815831184387,
    "세계사-화법과작문": 0.7081959247589111,
    "세계사-교육학": 0.7758423089981079,
    "세계사-음악": 0.7523282766342163,
    "세계사-음악감상과비평": 0.7206473350524902,
    "세계사-한국지리": 0.7390340566635132,
    "세계사-언어와매체": 0.7270985245704651,
    "세계사-심리학": 0.7350033521652222,
    "미술-종교학": 0.789609432220459,
    "미술-한문Ⅰ": 0.7482682466506958,
    "미술-문학": 0.8028275370597839,
    "미술-음악연주": 0.7924174666404724,
    "미술-철학": 0.695616602897644,
    "미술-생활과윤리": 0.7313556671142578,
    "미술-화법과작문": 0.8008731603622437,
    "미술-교육학": 0.7003268003463745,
    "미술-음악": 0.790976881980896,
    "미술-음악감상과비평": 0.8061528205871582,
    "미술-한국지리": 0.7009007930755615,
    "미술-언어와매체": 0.7746865153312683,
    "미술-심리학": 0.7751210331916809,
    "종교학-한문Ⅰ": 0.7507953643798828,
    "종교학-문학": 0.8083803653717041,
    "종교학-음악연주": 0.7609245777130127,
    "종교학-철학": 0.6988523602485657,
    "종교학-생활과윤리": 0.7727091908454895,
    "종교학-화법과작문": 0.7774735689163208,
    "종교학-교육학": 0.7101804614067078,
    "종교학-음악": 0.773499071598053,
    "종교학-음악감상과비평": 0.79302579164505,
    "종교학-한국지리": 0.8006235361099243,
    "종교학-언어와매체": 0.754509449005127,
    "종교학-심리학": 0.7899172902107239,
    "한문Ⅰ-문학": 0.7916146516799927,
    "한문Ⅰ-음악연주": 0.7879021167755127,
    "한문Ⅰ-철학": 0.693132758140564,
    "한문Ⅰ-생활과윤리": 0.741752028465271,
    "한문Ⅰ-화법과작문": 0.8154494166374207,
    "한문Ⅰ-교육학": 0.7284985780715942,
    "한문Ⅰ-음악": 0.7793005704879761,
    "한문Ⅰ-음악감상과비평": 0.8013893365859985,
    "한문Ⅰ-한국지리": 0.7354713082313538,
    "한문Ⅰ-언어와매체": 0.8050833344459534,
    "한문Ⅰ-심리학": 0.7448773384094238,
    "문학-음악연주": 0.8073598146438599,
    "문학-철학": 0.7092121839523315,
    "문학-생활과윤리": 0.743700385093689,
    "문학-화법과작문": 0.8506624698638916,
    "문학-교육학": 0.7333585023880005,
    "문학-음악": 0.7903196215629578,
    "문학-음악감상과비평": 0.8139285445213318,
    "문학-한국지리": 0.7300186157226562,
    "문학-언어와매체": 0.8466252684593201,
    "문학-심리학": 0.7670634984970093,
    "음악연주-철학": 0.7417809367179871,
    "음악연주-생활과윤리": 0.7662599682807922,
    "음악연주-화법과작문": 0.8394493460655212,
    "음악연주-교육학": 0.7301571369171143,
    "음악연주-음악": 0.8772956132888794,
    "음악연주-음악감상과비평": 0.8846624493598938,
    "음악연주-한국지리": 0.7027330994606018,
    "음악연주-언어와매체": 0.8100061416625977,
    "음악연주-심리학": 0.8194949626922607,
    "철학-생활과윤리": 0.7479561567306519,
    "철학-화법과작문": 0.7168854475021362,
    "철학-교육학": 0.7864193916320801,
    "철학-음악": 0.7320857048034668,
    "철학-음악감상과비평": 0.7477201223373413,
    "철학-한국지리": 0.676220178604126,
    "철학-언어와매체": 0.6612271666526794,
    "철학-심리학": 0.8186454772949219,
    "생활과윤리-화법과작문": 0.7869497537612915,