{
    "사회문제탐구": 0.758928120136261,
    "고전읽기": 0.7738210558891296,
    "국제경제": 0.6889563798904419,
    "문학과매체": 0.7553578019142151,
    "시창작": 0.750321090221405,
    "세계문제와미래사회": 0.7149215936660767,
    "음악사": 0.7720919251441956,
    "고전과윤리": 0.726468563079834,
    "국제법": 0.7298983931541443,
    "비교문화": 0.7950115203857422,
    "극창작": 0.755581796169281,
    "소설창작": 0.7473831176757812,
    "현대세계의변화": 0.7288025617599487,
    "문학개론": 0.7055263519287109,
    "음악이론": 0.7427060604095459,
    "문예창작입문": 0.7415684461593628,
    "음악전공실기": 0.7427763938903809,
    "국제관계와국제기구": 0.7391021847724915,
    "실용국어": 0.7651581764221191,
    "현대문학감상": 0.7146732807159424,
    "지역이해": 0.7292018532752991,
    "심화국어": 0.7292405366897583,
    "한국사회의이해": 0.7623971700668335,
    "고전문학감상": 0.6957820653915405
}