{
    "음악사": 1.1720613241195679,
    "음악이론": 1.112900733947754,
    "음악전공실기": 1.1676992177963257,
    "고전읽기": 2.4743309020996094,
    "사회문제탐구": 2.9526755809783936,
    "세계문제와미래사회": 2.386960983276367,
    "현대세계의변화": 2.5030720233917236,
    "실용국어": 2.3151168823242188,
    "지역이해": 2.2209434509277344,
    "심화국어": 2.3549180030822754,
    "문학과매체": 0.5407264828681946,
    "시창작": 0.5443913340568542,
    "고전과윤리": 0.5372552871704102,
    "극창작": 0.5418338179588318,
    "소설창작": 0.545147180557251,
    "문학개론": 0.5253288149833679,
    "문예창작입문": 0.5465643405914307,
    "현대문학감상": 0.5213354229927063,
    "고전문학감상": 0.5120589733123779,
    "국제법": 0.5640062689781189,
    "비교문화": 0.5831403136253357,
    "국제관계와국제기구": 0.5655415654182434,
    "한국사회의이해": 0.5978096723556519,
    "국제경제": 0.5328508019447327
}