{
    "논술": 0.6475367546081543,
    "논리학": 0.6555230617523193,
    "경제": 0.730770468711853,
    "연극": 0.7781752347946167,
    "세계지리": 0.6732085943222046,
    "독서": 0.7131724953651428,
    "정치와법": 0.740027904510498,
    "윤리와사상": 0.7366946935653687,
    "세계사": 0.668815016746521,
    "미술": 0.6898390650749207,
    "종교학": 0.730175256729126,
    "한문Ⅰ": 0.7215068340301514,
    "문학": 0.7196415066719055,
    "음악연주": 0.7385172843933105,
    "철학": 0.5816411375999451,
    "생활과윤리": 0.6775950193405151,
    "화법과작문": 0.7379388809204102,
    "교육학": 0.6400024890899658,
    "음악": 0.7728549838066101,
    "음악감상과비평": 0.7468478679656982,
    "한국지리": 0.6960998773574829,
    "언어와매체": 0.7596249580383301,
    "심리학": 0.7118250131607056
}