{
    "사회문제탐구-고전읽기": 0.8109399080276489,
    "사회문제탐구-국제경제": 0.7523733973503113,
    "사회문제탐구-문학과매체": 0.7948306798934937,
    "사회문제탐구-시창작": 0.7958786487579346,
    "사회문제탐구-세계문제와미래사회": 0.845375657081604,
    "사회문제탐구-음악사": 0.7999632358551025,
    "사회문제탐구-고전과윤리": 0.8328574895858765,
    "사회문제탐구-국제법": 0.826143741607666,
    "사회문제탐구-비교문화": 0.8397876024246216,
    "사회문제탐구-극창작": 0.8021360635757446,
    "사회문제탐구-소설창작": 0.7950701713562012,
    "사회문제탐구-현대세계의변화": 0.7990997433662415,
    "사회문제탐구-문학개론": 0.7174279093742371,
    "사회문제탐구-음악이론": 0.6959211826324463,
    "사회문제탐구-문예창작입문": 0.7825231552124023,
    "사회문제탐구-음악전공실기": 0.8197005987167358,
    "사회문제탐구-국제관계와국제기구": 0.8414759635925293,
    "사회문제탐구-실용국어": 0.7829564809799194,
    "사회문제탐구-현대문학감상": 0.735561192035675,
    "사회문제탐구-지역이해": 0.7297073602676392,
    "사회문제탐구-심화국어": 0.820240318775177,
    "사회문제탐구-한국사회의이해": 0.8201929330825806,
    "사회문제탐구-고전문학감상": 0.7215945720672607,
    "고전읽기-국제경제": 0.8113062381744385,
    "고전읽기-문학과매체": 0.8423572778701782,
    "고전읽기-시창작": 0.8422488570213318,
    "고전읽기-세계문제와미래사회": 0.7634066939353943,
    "고전읽기-음악사": 0.8390644192695618,
    "고전읽기-고전과윤리": 0.8457108736038208,
    "고전읽기-국제법": 0.8468895554542542,
    "고전읽기-비교문화": 0.8768373727798462,
    "고전읽기-극창작": 0.8383534550666809,
    "고전읽기-소설창작": 0.8403258323669434,
    "고전읽기-현대세계의변화": 0.8448799252510071,
    "고전읽기-문학개론": 0.8458652496337891,
    "고전읽기-음악이론": 0.8173625469207764,
    "고전읽기-문예창작입문": 0.8665654063224792,
    "고전읽기-음악전공실기": 0.820131778717041,
    "고전읽기-국제관계와국제기구": 0.7983604073524475,
    "고전읽기-실용국어": 0.8751466870307922,
    "고전읽기-현대문학감상": 0.8188525438308716,
    "고전읽기-지역이해": 0.7459535598754883,
    "고전읽기-심화국어": 0.9171145558357239,
    "고전읽기-한국사회의이해": 0.8680854439735413,
    "고전읽기-고전문학감상": 0.8042457699775696,
    "국제경제-문학과매체": 0.7243468761444092,
    "국제경제-시창작": 0.7217769026756287,
    "국제경제-세계문제와미래사회": 0.7861277461051941,
    "국제경제-음악사": 0.7599176168441772,
    "국제경제-고전과윤리": 0.7429358959197998,
    "국제경제-국제법": 0.8811278343200684,
    "국제경제-비교문화": 0.8713170289993286,
    "국제경제-극창작": 0.7199170589447021,
    "국제경제-소설창작": 0.7167792320251465,
    "국제경제-현대세계의변화": 0.9053446054458618,
    "국제경제-문학개론": 0.7158692479133606,
    "국제경제-음악이론": 0.6969397068023682,
    "국제경제-문예창작입문": 0.7364481687545776,
    "국제경제-음악전공실기": 0.7372207641601562,
    "국제경제-국제관계와국제기구": 0.8889221549034119,
    "국제경제-실용국어": 0.7371236085891724,
    "국제경제-현대문학감상": 0.6939059495925903,
    "국제경제-지역이해": 0.7307906150817871,
    "국제경제-심화국어": 0.7764908075332642,
    "국제경제-한국사회의이해": 0.911268949508667,
    "국제경제-고전문학감상": 0.6858251094818115,
    "문학과매체-시창작": 0.9724776744842529,
    "문학과매체-세계문제와미래사회": 0.7780144810676575,
    "문학과매체-음악사": 0.8794682621955872,
    "문학과매체-고전과윤리": 0.8507994413375854,
    "문학과매체-국제법": 0.8107820749282837,
    "문학과매체-비교문화": 0.8673121929168701,
    "문학과매체-극창작": 0.977070152759552,
    "문학과매체-소설창작": 0.9749106168746948,
    "문학과매체-현대세계의변화": 0.8078418970108032,
    "문학과매체-문학개론": 0.9442831873893738,
    "문학과매체-음악이론": 0.8017189502716064,
    "문학과매체-문예창작입문": 0.9789611101150513,
    "문학과매체-음악전공실기": 0.7994570136070251,
    "문학과매체-국제관계와국제기구": 0.7980228066444397,
    "문학과매체-실용국어": 0.7587759494781494,
    "문학과매체-현대문학감상": 0.9294941425323486,
    "문학과매체-지역이해": 0.7437019944190979,
    "문학과매체-심화국어": 0.7771350145339966,
    "문학과매체-한국사회의이해": 0.8107960224151611,
    "문학과매체-고전문학감상": 0.928589403629303,
    "시창작-세계문제와미래사회": 0.7766841053962708,
    "시창작-음악사": 0.8747138381004333,
    "시창작-고전과윤리": 0.8642192482948303,
    "시창작-국제법": 0.8162676095962524,
    "시창작-비교문화": 0.85626220703125,
    "시창작-극창작": 0.9897339344024658,
    "시창작-소설창작": 0.9882082939147949,
    "시창작-현대세계의변화": 0.8006554841995239,
    "시창작-문학개론": 0.9143178462982178,
    "시창작-음악이론": 0.812506377696991,
    "시창작-문예창작입문": 0.9730454683303833,
    "시창작-음악전공실기": 0.8015551567077637,
    "시창작-국제관계와국제기구": 0.7899571061134338,
    "시창작-실용국어": 0.7625013589859009,
    "시창작-현대문학감상": 0.9202833771705627,
    "시창작-지역이해": 0.7271618843078613,
    "시창작-심화국어": 0.7821227312088013,
    "시창작-한국사회의이해": 0.8068962097167969,
    "시창작-고전문학감상": 0.9164551496505737,
    "세계문제와미래사회-음악사": 0.8086895942687988,
    "세계문제와미래사회-고전과윤리": 0.7912360429763794,
    "세계문제와미래사회-국제법": 0.8597867488861084,
    "세계문제와미래사회-비교문화": 0.8634347915649414,
    "세계문제와미래사회-극창작": 0.7879464626312256,
    "세계문제와미래사회-소설창작": 0.7824377417564392,
    "세계문제와미래사회-현대세계의변화": 0.8573024272918701,
    "세계문제와미래사회-문학개론": 0.7241207361221313,
    "세계문제와미래사회-음악이론": 0.7069414854049683,
    "세계문제와미래사회-문예창작입문": 0.7733447551727295,
    "세계문제와미래사회-음악전공실기": 0.7499121427536011,
    "세계문제와미래사회-국제관계와국제기구": 0.8670104742050171,
    "세계문제와미래사회-실용국어": 0.7145956754684448,
    "세계문제와미래사회-현대문학감상": 0.7383938431739807,
    "세계문제와미래사회-지역이해": 0.7207467555999756,
    "세계문제와미래사회-심화국어": 0.7198584079742432,
    "세계문제와미래사회-한국사회의이해": 0.8666546940803528,
    "세계문제와미래사회-고전문학감상": 0.7293490171432495,
    "음악사-고전과윤리": 0.8289106488227844,
    "음악사-국제법": 0.8180846571922302,
    "음악사-비교문화": 0.8825323581695557,
    "음악사-극창작": 0.8788052797317505,
    "음악사-소설창작": 0.8722168207168579,
    "음악사-현대세계의변화": 0.8463301658630371,
    "음악사-문학개론": 0.8575941920280457,
    "음악사-음악이론": 0.8656973242759705,
    "음악사-문예창작입문": 0.8828449249267578,
    "음악사-음악전공실기": 0.8146693110466003,
    "음악사-국제관계와국제기구": 0.818785548210144,
    "음악사-실용국어": 0.7511354088783264,
    "음악사-현대문학감상": 0.8657307028770447,
    "음악사-지역이해": 0.7647678852081299,
    "음악사-심화국어": 0.7788079977035522,
    "음악사-한국사회의이해": 0.8530696034431458,
    "음악사-고전문학감상": 0.8549565076828003,
    "고전과윤리-국제법": 0.8256678581237793,
    "고전과윤리-비교문화": 0.8449591398239136,
    "고전과윤리-극창작": 0.8710572719573975,
    "고전과윤리-소설창작": 0.8630297183990479,
    "고전과윤리-현대세계의변화": 0.8134945631027222,
    "고전과윤리-문학개론": 0.8283385038375854,
    "고전과윤리-음악이론": 0.7591851949691772,
    "고전과윤리-문예창작입문": 0.8642944693565369,
    "고전과윤리-음악전공실기": 0.7975372672080994,
    "고전과윤리-국제관계와국제기구": 0.8066768646240234,
    "고전과윤리-실용국어": 0.8051930665969849,
    "고전과윤리-현대문학감상": 0.8433934450149536,
    "고전과윤리-지역이해": 0.7049080729484558,
    "고전과윤리-심화국어": 0.8158653378486633,
    "고전과윤리-한국사회의이해": 0.8081715106964111,
    "고전과윤리-고전문학감상": 0.8424105644226074,
    "국제법-비교문화": 0.920567512512207,
    "국제법-극창작": 0.8126652836799622,
    "국제법-소설창작": 0.807521641254425,
    "국제법-현대세계의변화": 0.8953258991241455,
    "국제법-문학개론": 0.7834830284118652,
    "국제법-음악이론": 0.7509093880653381,
    "국제법-문예창작입문": 0.8130532503128052,
    "국제법-음악전공실기": 0.809937596321106,
    "국제법-국제관계와국제기구": 0.9282113313674927,
    "국제법-실용국어": 0.7686789631843567,
    "국제법-현대문학감상": 0.7644655704498291,
    "국제법-지역이해": 0.7596563100814819,
    "국제법-심화국어": 0.8092242479324341,
    "국제법-한국사회의이해": 0.9143208265304565,
    "국제법-고전문학감상": 0.7560240030288696,
    "비교문화-극창작": 0.855128288269043,
    "비교문화-소설창작": 0.8503015041351318,
    "비교문화-현대세계의변화": 0.9191906452178955,
    "비교문화-문학개론": 0.848206102848053,
    "비교문화-음악이론": 0.790722131729126,
    "비교문화-문예창작입문": 0.86600661277771,
    "비교문화-음악전공실기": 0.8020113706588745,
    "비교문화-국제관계와국제기구": 0.8969568014144897,
    "비교문화-실용국어": 0.789276659488678,
    "비교문화-현대문학감상": 0.8348541259765625,
    "비교문화-지역이해": 0.8106815814971924,
    "비교문화-심화국어": 0.815420925617218,
    "비교문화-한국사회의이해": 0.9419089555740356,
    "비교문화-고전문학감상": 0.8215826749801636,
    "극창작-소설창작": 0.9938201904296875,
    "극창작-현대세계의변화": 0.8027046918869019,
    "극창작-문학개론": 0.9162863492965698,
    "극창작-음악이론": 0.8112794160842896,
    "극창작-문예창작입문": 0.9747408032417297,
    "극창작-음악전공실기": 0.8068030476570129,
    "극창작-국제관계와국제기구": 0.7938127517700195,
    "극창작-실용국어": 0.7674293518066406,
    "극창작-현대문학감상": 0.9245908260345459,
    "극창작-지역이해": 0.7285114526748657,
    "극창작-심화국어": 0.7790783643722534,
    "극창작-한국사회의이해": 0.8068386912345886,
    "극창작-고전문학감상": 0.9255321025848389,
    "소설창작-현대세계의변화": 0.799887478351593,
    "소설창작-문학개론": 0.9185965061187744,
    "소설창작-음악이론": 0.8037408590316772,
    "소설창작-문예창작입문": 0.9751512408256531,
    "소설창작-음악전공실기": 0.8001611232757568,
    "소설창작-국제관계와국제기구": 0.7851728200912476,
    "소설창작-실용국어": 0.7626123428344727,
    "소설창작-현대문학감상": 0.9258661270141602,
    "소설창작-지역이해": 0.72495436668396,