{
    "융합과학탐구-정보과학": 0.8810848593711853,
    "융합과학탐구-생활과과학": 0.8445751070976257,
    "융합과학탐구-고전과윤리": 0.8026570081710815,
    "융합과학탐구-융합과학": 0.8276216387748718,
    "융합과학탐구-농업생명과학": 0.7361775636672974,
    "융합과학탐구-생명과학Ⅱ": 0.7983500957489014,
    "융합과학탐구-생태와환경": 0.8202855587005615,
    "융합과학탐구-생명과학실험": 0.9132372140884399,
    "융합과학탐구-사회탐구방법": 0.8850576877593994,
    "융합과학탐구-과학과제연구": 0.98677659034729,
    "융합과학탐구-고급생명과학": 0.8968313932418823,
    "융합과학탐구-화학Ⅱ": 0.8397352695465088,
    "정보과학-생활과과학": 0.8597468137741089,
    "정보과학-고전과윤리": 0.7839388847351074,
    "정보과학-융합과학": 0.8585573434829712,
    "정보과학-농업생명과학": 0.747929573059082,
    "정보과학-생명과학Ⅱ": 0.7744146585464478,
    "정보과학-생태와환경": 0.8150163888931274,
    "정보과학-생명과학실험": 0.8451907634735107,
    "정보과학-사회탐구방법": 0.889550507068634,
    "정보과학-과학과제연구": 0.8752262592315674,
    "정보과학-고급생명과학": 0.8631912469863892,
    "정보과학-화학Ⅱ": 0.8773727416992188,
    "생활과과학-고전과윤리": 0.8652610778808594,
    "생활과과학-융합과학": 0.9224174618721008,
    "생활과과학-농업생명과학": 0.7843778133392334,
    "생활과과학-생명과학Ⅱ": 0.7877441644668579,
    "생활과과학-생태와환경": 0.8643589615821838,
    "생활과과학-생명과학실험": 0.7827326655387878,
    "생활과과학-사회탐구방법": 0.8671879768371582,
    "생활과과학-과학과제연구": 0.8354142308235168,
    "생활과과학-고급생명과학": 0.785897970199585,
    "생활과과학-화학Ⅱ": 0.847480833530426,
    "고전과윤리-융합과학": 0.8724913597106934,
    "고전과윤리-농업생명과학": 0.7740991115570068,
    "고전과윤리-생명과학Ⅱ": 0.7889919281005859,
    "고전과윤리-생태와환경": 0.8474540710449219,
    "고전과윤리-생명과학실험": 0.7349613904953003,
    "고전과윤리-사회탐구방법": 0.788720965385437,
    "고전과윤리-과학과제연구": 0.7909823656082153,
    "고전과윤리-고급생명과학": 0.7413679361343384,
    "고전과윤리-화학Ⅱ": 0.7952668070793152,
    "융합과학-농업생명과학": 0.8310168385505676,
    "융합과학-생명과학Ⅱ": 0.8079183101654053,
    "융합과학-생태와환경": 0.9026213884353638,
    "융합과학-생명과학실험": 0.7725680470466614,
    "융합과학-사회탐구방법": 0.8664882183074951,
    "융합과학-과학과제연구": 0.822052001953125,
    "융합과학-고급생명과학": 0.7773755192756653,
    "융합과학-화학Ⅱ": 0.8752831220626831,
    "농업생명과학-생명과학Ⅱ": 0.6971850991249084,
    "농업생명과학-생태와환경": 0.8073238134384155,
    "농업생명과학-생명과학실험": 0.6799696087837219,
    "농업생명과학-사회탐구방법": 0.7382544279098511,
    "농업생명과학-과학과제연구": 0.7271812558174133,
    "농업생명과학-고급생명과학": 0.6937566995620728,
    "농업생명과학-화학Ⅱ": 0.772619903087616,
    "생명과학Ⅱ-생태와환경": 0.8226926922798157,
    "생명과학Ⅱ-생명과학실험": 0.7493720054626465,
    "생명과학Ⅱ-사회탐구방법": 0.7944536209106445,
    "생명과학Ⅱ-과학과제연구": 0.7935950756072998,
    "생명과학Ⅱ-고급생명과학": 0.7937055230140686,
    "생명과학Ⅱ-화학Ⅱ": 0.8138270378112793,
    "생태와환경-생명과학실험": 0.7636390924453735,
    "생태와환경-사회탐구방법": 0.8313606381416321,
    "생태와환경-과학과제연구": 0.8121901750564575,
    "생태와환경-고급생명과학": 0.7757840156555176,
    "생태와환경-화학Ⅱ": 0.8529962301254272,
    "생명과학실험-사회탐구방법": 0.8726992607116699,
    "생명과학실험-과학과제연구": 0.9117250442504883,
    "생명과학실험-고급생명과학": 0.9356096386909485,
    "생명과학실험-화학Ⅱ": 0.803277850151062,
    "사회탐구방법-과학과제연구": 0.8771173357963562,
    "사회탐구방법-고급생명과학": 0.8812384605407715,
    "사회탐구방법-화학Ⅱ": 0.862068235874176,
    "과학과제연구-고급생명과학": 0.8936368227005005,
    "과학과제연구-화학Ⅱ": 0.8412784934043884,
    "고급생명과학-화학Ⅱ": 0.8171460628509521
}