{
    "융합과학탐구": 0.7252923846244812,
    "정보과학": 0.6884779930114746,
    "생활과과학": 0.7329365611076355,
    "고전과윤리": 0.7134685516357422,
    "융합과학": 0.7181050777435303,
    "농업생명과학": 0.626907229423523,
    "생명과학Ⅱ": 0.713309109210968,
    "생태와환경": 0.73514723777771,
    "생명과학실험": 0.6843982338905334,
    "사회탐구방법": 0.7014448642730713,
    "과학과제연구": 0.7322047352790833,
    "고급생명과학": 0.6713640093803406,
    "화학Ⅱ": 0.6886312365531921
}