{
    "논술": 0.6461194753646851,
    "융합과학탐구": 0.7252923846244812,
    "심리학": 0.7124090194702148,
    "생명과학Ⅰ": 0.737545371055603,
    "정보과학": 0.6884779930114746,
    "환경": 0.7320272326469421,
    "생활과과학": 0.7329365611076355,
    "영어Ⅱ": 0.7500765919685364,
    "고전과윤리": 0.7134685516357422,
    "융합과학": 0.7181050777435303,
    "농업생명과학": 0.626907229423523,
    "수학": 0.6904834508895874,
    "생명과학Ⅱ": 0.713309109210968,
    "정치와법": 0.7117578983306885,
    "생태와환경": 0.73514723777771,
    "통합사회": 0.7106540203094482,
    "윤리와사상": 0.720012366771698,
    "수학Ⅱ": 0.6883550882339478,
    "과학탐구실험": 0.677327036857605,
    "화학Ⅰ": 0.7361893653869629,
    "생명과학실험": 0.6843982338905334,
    "사회탐구방법": 0.7014448642730713,
    "과학과제연구": 0.7322047352790833,
    "생활과윤리": 0.7121341228485107,
    "철학": 0.5909660458564758,
    "영어Ⅰ": 0.730798602104187,
    "수학Ⅰ": 0.6882089376449585,
    "통합과학": 0.7547277212142944,
    "정보": 0.698980450630188,
    "영어독해와작문": 0.6997555494308472,
    "국어": 0.6534928679466248,
    "고급생명과학": 0.6713640093803406,
    "화학Ⅱ": 0.6886312365531921,
    "확률과통계": 0.6879254579544067,
    "미적분": 0.6813071370124817,
    "한국사": 0.6432880759239197,
    "영어": 0.6866143941879272
}