{
    "논술": 0.3915625512599945,
    "융합과학탐구": 0.9985398054122925,
    "생명과학Ⅰ": 1.6281300783157349,
    "환경": 1.0485870838165283,
    "생활과과학": 1.0347697734832764,
    "정보과학": 1.019950032234192,
    "융합과학": 1.0918097496032715,
    "고전과윤리": 0.9901203513145447,
    "농업생명과학": 0.9512732028961182,
    "수학": 1.5865285396575928,
    "생명과학Ⅱ": 1.5189282894134521,
    "정치와법": 0.4844645857810974,
    "통합사회": 1.5594561100006104,
    "영어": 1.4822437763214111,
    "과학탐구실험": 1.4149389266967773,
    "화학Ⅰ": 1.6211159229278564,
    "생명과학실험": 0.9374047517776489,
    "과학과제연구": 1.4925282001495361,
    "생활과윤리": 1.424762487411499,
    "통합과학": 1.61492919921875,
    "정보": 0.4538508653640747,
    "국어": 1.4205070734024048,
    "고급생명과학": 0.976459264755249,
    "화학Ⅱ": 1.5354797840118408,
    "한국사": 1.4398505687713623,
    "생태와환경": 0.5914643406867981,
    "윤리와사상": 0.9839959144592285,
    "사회탐구방법": 0.5854362845420837,
    "철학": 0.9010202288627625,
    "영어Ⅱ": 0.5056251287460327,
    "수학Ⅱ": 0.4809260964393616,
    "영어Ⅰ": 0.4934956431388855,
    "수학Ⅰ": 0.48117363452911377,
    "영어독해와작문": 0.4631390869617462,
    "미적분": 0.47424963116645813,
    "확률과통계": 0.48259836435317993,
    "심리학": 0.4998351037502289
}