{
    "논술-심리학": 0.7785155177116394,
    "논술-생명과학Ⅰ": 0.712067723274231,
    "논술-환경": 0.7171489000320435,
    "논술-영어Ⅱ": 0.8693638443946838,
    "논술-정치와법": 0.7613621950149536,
    "논술-윤리와사상": 0.7579945921897888,
    "논술-수학Ⅱ": 0.8371081352233887,
    "논술-화학Ⅰ": 0.8082849383354187,
    "논술-생활과윤리": 0.7262682914733887,
    "논술-철학": 0.6680351495742798,
    "논술-영어Ⅰ": 0.8762944340705872,
    "논술-수학Ⅰ": 0.8374475836753845,
    "논술-정보": 0.8090981245040894,
    "논술-영어독해와작문": 0.7958266139030457,
    "논술-확률과통계": 0.8349092602729797,
    "논술-미적분": 0.8180961012840271,
    "심리학-생명과학Ⅰ": 0.7969474792480469,
    "심리학-환경": 0.8180172443389893,
    "심리학-영어Ⅱ": 0.8605709075927734,
    "심리학-정치와법": 0.7798304557800293,
    "심리학-윤리와사상": 0.8430343866348267,
    "심리학-수학Ⅱ": 0.7968568801879883,
    "심리학-화학Ⅰ": 0.8408637046813965,
    "심리학-생활과윤리": 0.8183430433273315,
    "심리학-철학": 0.8186454772949219,
    "심리학-영어Ⅰ": 0.8649395704269409,
    "심리학-수학Ⅰ": 0.7966545820236206,
    "심리학-정보": 0.79620361328125,
    "심리학-영어독해와작문": 0.8302894234657288,
    "심리학-확률과통계": 0.7961694598197937,
    "심리학-미적분": 0.8017492294311523,
    "생명과학Ⅰ-환경": 0.8375853896141052,
    "생명과학Ⅰ-영어Ⅱ": 0.8282514214515686,
    "생명과학Ⅰ-정치와법": 0.7942852973937988,
    "생명과학Ⅰ-윤리와사상": 0.8363608121871948,
    "생명과학Ⅰ-수학Ⅱ": 0.7796242237091064,
    "생명과학Ⅰ-화학Ⅰ": 0.8694494366645813,
    "생명과학Ⅰ-생활과윤리": 0.7782621383666992,
    "생명과학Ⅰ-철학": 0.7113132476806641,
    "생명과학Ⅰ-영어Ⅰ": 0.8218635320663452,
    "생명과학Ⅰ-수학Ⅰ": 0.7804142236709595,
    "생명과학Ⅰ-정보": 0.7845885753631592,
    "생명과학Ⅰ-영어독해와작문": 0.817011833190918,
    "생명과학Ⅰ-확률과통계": 0.779738187789917,
    "생명과학Ⅰ-미적분": 0.7814716696739197,
    "환경-영어Ⅱ": 0.8310161828994751,
    "환경-정치와법": 0.8520662784576416,
    "환경-윤리와사상": 0.8295576572418213,
    "환경-수학Ⅱ": 0.7838081121444702,
    "환경-화학Ⅰ": 0.844565212726593,
    "환경-생활과윤리": 0.8197362422943115,
    "환경-철학": 0.7936888933181763,
    "환경-영어Ⅰ": 0.8181877732276917,
    "환경-수학Ⅰ": 0.7859200239181519,
    "환경-정보": 0.8270787596702576,
    "환경-영어독해와작문": 0.8288524150848389,
    "환경-확률과통계": 0.7876707315444946,
    "환경-미적분": 0.7885778546333313,
    "영어Ⅱ-정치와법": 0.8385131359100342,
    "영어Ⅱ-윤리와사상": 0.8492419719696045,
    "영어Ⅱ-수학Ⅱ": 0.8903011679649353,
    "영어Ⅱ-화학Ⅰ": 0.867652952671051,
    "영어Ⅱ-생활과윤리": 0.8127317428588867,
    "영어Ⅱ-철학": 0.7299681901931763,
    "영어Ⅱ-영어Ⅰ": 0.9760140180587769,
    "영어Ⅱ-수학Ⅰ": 0.8915066719055176,
    "영어Ⅱ-정보": 0.8659369945526123,
    "영어Ⅱ-영어독해와작문": 0.9219309687614441,
    "영어Ⅱ-확률과통계": 0.8897008299827576,
    "영어Ⅱ-미적분": 0.8861692547798157,
    "정치와법-윤리와사상": 0.8331584930419922,
    "정치와법-수학Ⅱ": 0.8389090299606323,
    "정치와법-화학Ⅰ": 0.8469404578208923,
    "정치와법-생활과윤리": 0.8211274743080139,
    "정치와법-철학": 0.7182760834693909,
    "정치와법-영어Ⅰ": 0.8405685424804688,
    "정치와법-수학Ⅰ": 0.8401305675506592,
    "정치와법-정보": 0.8304923176765442,
    "정치와법-영어독해와작문": 0.8115151524543762,
    "정치와법-확률과통계": 0.8392532467842102,
    "정치와법-미적분": 0.8348084092140198,
    "윤리와사상-수학Ⅱ": 0.8127713203430176,
    "윤리와사상-화학Ⅰ": 0.8313327431678772,
    "윤리와사상-생활과윤리": 0.79204922914505,
    "윤리와사상-철학": 0.7901319265365601,
    "윤리와사상-영어Ⅰ": 0.8541671633720398,
    "윤리와사상-수학Ⅰ": 0.8122189044952393,
    "윤리와사상-정보": 0.756962776184082,
    "윤리와사상-영어독해와작문": 0.849030613899231,
    "윤리와사상-확률과통계": 0.8094477653503418,
    "윤리와사상-미적분": 0.8130061626434326,
    "수학Ⅱ-화학Ⅰ": 0.8506817817687988,
    "수학Ⅱ-생활과윤리": 0.7472010850906372,
    "수학Ⅱ-철학": 0.666738748550415,
    "수학Ⅱ-영어Ⅰ": 0.9128744602203369,
    "수학Ⅱ-수학Ⅰ": 0.9996440410614014,
    "수학Ⅱ-정보": 0.8215370774269104,
    "수학Ⅱ-영어독해와작문": 0.8743769526481628,
    "수학Ⅱ-확률과통계": 0.9991017580032349,
    "수학Ⅱ-미적분": 0.9929215312004089,
    "화학Ⅰ-생활과윤리": 0.8333884477615356,
    "화학Ⅰ-철학": 0.7100832462310791,
    "화학Ⅰ-영어Ⅰ": 0.8749867677688599,
    "화학Ⅰ-수학Ⅰ": 0.8508601784706116,
    "화학Ⅰ-정보": 0.892299473285675,
    "화학Ⅰ-영어독해와작문": 0.8401996493339539,
    "화학Ⅰ-확률과통계": 0.8498119711875916,
    "화학Ⅰ-미적분": 0.8471031785011292,
    "생활과윤리-철학": 0.7479561567306519,
    "생활과윤리-영어Ⅰ": 0.8003696203231812,
    "생활과윤리-수학Ⅰ": 0.7467365860939026,
    "생활과윤리-정보": 0.8133800029754639,
    "생활과윤리-영어독해와작문": 0.785764753818512,
    "생활과윤리-확률과통계": 0.7462242841720581,
    "생활과윤리-미적분": 0.7457464933395386,
    "철학-영어Ⅰ": 0.7193509340286255,
    "철학-수학Ⅰ": 0.6662826538085938,
    "철학-정보": 0.6885048747062683,
    "철학-영어독해와작문": 0.7213166952133179,
    "철학-확률과통계": 0.6652474999427795,
    "철학-미적분": 0.6637285351753235,
    "영어Ⅰ-수학Ⅰ": 0.9141358137130737,
    "영어Ⅰ-정보": 0.8612086176872253,
    "영어Ⅰ-영어독해와작문": 0.9365150928497314,
    "영어Ⅰ-확률과통계": 0.9125169515609741,
    "영어Ⅰ-미적분": 0.9083600044250488,
    "수학Ⅰ-정보": 0.8224542140960693,
    "수학Ⅰ-영어독해와작문": 0.8759852647781372,
    "수학Ⅰ-확률과통계": 0.999411940574646,
    "수학Ⅰ-미적분": 0.9931793212890625,
    "정보-영어독해와작문": 0.8153038024902344,
    "정보-확률과통계": 0.823447585105896,
    "정보-미적분": 0.8185144662857056,
    "영어독해와작문-확률과통계": 0.8755891919136047,
    "영어독해와작문-미적분": 0.8846297860145569,
    "확률과통계-미적분": 0.9934666156768799
}