{
    "수학": 0.6904834508895874,
    "통합사회": 0.7106540203094482,
    "과학탐구실험": 0.677327036857605,
    "통합과학": 0.7547277212142944,
    "국어": 0.6534928679466248,
    "한국사": 0.6432880759239197,
    "영어": 0.6866143941879272
}