{
    "융합과학탐구": 0.9985398054122925,
    "생활과과학": 1.0347697734832764,
    "정보과학": 1.019950032234192,
    "융합과학": 1.0918097496032715,
    "고전과윤리": 0.9901203513145447,
    "농업생명과학": 0.9512732028961182,
    "생명과학Ⅱ": 1.5189282894134521,
    "생명과학실험": 0.9374047517776489,
    "과학과제연구": 1.4925282001495361,
    "고급생명과학": 0.976459264755249,
    "화학Ⅱ": 1.5354797840118408,
    "생태와환경": 0.5914643406867981,
    "사회탐구방법": 0.5854362845420837
}