{
    "논술": 0.6461194753646851,
    "심리학": 0.7124090194702148,
    "생명과학Ⅰ": 0.737545371055603,
    "환경": 0.7320272326469421,
    "영어Ⅱ": 0.7500765919685364,
    "정치와법": 0.7117578983306885,
    "윤리와사상": 0.720012366771698,
    "수학Ⅱ": 0.6883550882339478,
    "화학Ⅰ": 0.7361893653869629,
    "생활과윤리": 0.7121341228485107,
    "철학": 0.5909660458564758,
    "영어Ⅰ": 0.730798602104187,
    "수학Ⅰ": 0.6882089376449585,
    "정보": 0.698980450630188,
    "영어독해와작문": 0.6997555494308472,
    "확률과통계": 0.6879254579544067,
    "미적분": 0.6813071370124817
}