{
    "수학": 1.5865285396575928,
    "통합사회": 1.5594561100006104,
    "영어": 1.4822437763214111,
    "과학탐구실험": 1.4149389266967773,
    "통합과학": 1.61492919921875,
    "국어": 1.4205070734024048,
    "한국사": 1.4398505687713623
}