{
    "논술": 0.3915625512599945,
    "생명과학Ⅰ": 1.6281300783157349,
    "환경": 1.0485870838165283,
    "정치와법": 0.4844645857810974,
    "화학Ⅰ": 1.6211159229278564,
    "생활과윤리": 1.424762487411499,
    "정보": 0.4538508653640747,
    "윤리와사상": 0.9839959144592285,
    "철학": 0.9010202288627625,
    "영어Ⅱ": 0.5056251287460327,
    "수학Ⅱ": 0.4809260964393616,
    "영어Ⅰ": 0.4934956431388855,
    "수학Ⅰ": 0.48117363452911377,
    "영어독해와작문": 0.4631390869617462,
    "미적분": 0.47424963116645813,
    "확률과통계": 0.48259836435317993,
    "심리학": 0.4998351037502289
}