{
    "동물자원학과": 0.6669513583183289,
    "생물학과": 0.7233841419219971,
    "수의학과": 0.7979066967964172
}