{
    "컴퓨터공학과": 0.7898241877555847,
    "컴퓨터응용기계과": 0.8568830490112305,
    "시스템공학과": 0.846441924571991
}