{
    "정보": 2.0074191093444824,
    "과학과제연구": 1.9951190948486328,
    "통합과학": 1.9646246433258057,
    "공학일반": 1.9080400466918945,
    "확률과통계": 2.055058002471924,
    "한국사": 1.883105754852295,
    "기하": 2.050091505050659,
    "수학과제탐구": 2.0520424842834473,
    "영어": 1.9905242919921875,
    "실용수학": 2.0611624717712402,
    "화학실험": 1.984053611755371,
    "물리학실험": 1.832733154296875,
    "통합사회": 2.003269672393799,
    "과학탐구실험": 1.8940868377685547,
    "고급화학": 1.9647440910339355,
    "미적분": 2.0552237033843994,
    "고급물리학": 1.8808598518371582,
    "융합과학탐구": 1.9812476634979248,
    "화학Ⅱ": 1.9512147903442383,
    "물리학Ⅰ": 2.002340078353882,
    "화학Ⅰ": 1.9938220977783203,
    "수학": 1.9904026985168457,
    "생활과과학": 1.9777790307998657,
    "정보과학": 2.023754596710205,
    "국어": 1.8351532220840454,
    "물리학Ⅱ": 1.8044555187225342,
    "사회과제연구": 0.6897664666175842,
    "세계지리": 0.6725195050239563,
    "경제수학": 0.7147881388664246,
    "생태와환경": 0.7020561099052429,
    "사회문제탐구": 0.6959852576255798,
    "융합과학": 0.7082148194313049,
    "지식재산일반": 0.6178570985794067,
    "생활과윤리": 0.6284550428390503,
    "지역이해": 0.6401654481887817,
    "창의경영": 0.7102403044700623,
    "경제": 0.6680490970611572,
    "사회탐구방법": 0.6482604146003723,
    "수학Ⅰ": 0.6853276491165161,
    "세계문제와미래사회": 0.6863276958465576,
    "수학Ⅱ": 0.683971107006073,
    "한국지리": 0.6599935293197632
}