{
    "논술": 0.5915769934654236,
    "생명과학Ⅰ": 0.6664227247238159,
    "환경": 0.6132831573486328,
    "윤리와사상": 0.6347388029098511,
    "화학Ⅰ": 0.6334335803985596,
    "생활과윤리": 0.6016703844070435,
    "철학": 0.5618093013763428
}