{
    "논술": 0.4607965350151062,
    "생명과학Ⅰ": 0.4885880649089813,
    "환경": 0.49462780356407166,
    "윤리와사상": 0.4903549551963806,
    "화학Ⅰ": 0.48193004727363586,
    "생활과윤리": 0.44761744141578674,
    "철학": 0.4040013551712036
}