{
    "논술": 0.5915769934654236,
    "융합과학탐구": 0.6348825097084045,
    "사회문제탐구": 0.606920063495636,
    "생명과학Ⅰ": 0.6664227247238159,
    "정보과학": 0.5999438166618347,
    "환경": 0.6132831573486328,
    "생활과과학": 0.6159404516220093,
    "융합과학": 0.6042773127555847,
    "농업생명과학": 0.5298178195953369,
    "수학": 0.603714108467102,
    "생명과학Ⅱ": 0.6002519130706787,
    "생태와환경": 0.6066275238990784,
    "윤리와사상": 0.6347388029098511,
    "통합사회": 0.6135848760604858,
    "과학탐구실험": 0.588538408279419,
    "화학Ⅰ": 0.6334335803985596,
    "생명과학실험": 0.5996440649032593,
    "사회탐구방법": 0.6028518676757812,
    "과학과제연구": 0.6311066746711731,
    "생활과윤리": 0.6016703844070435,
    "철학": 0.5618093013763428,
    "통합과학": 0.6326326727867126,
    "국어": 0.5800607204437256,
    "고급생명과학": 0.5805239677429199,
    "화학Ⅱ": 0.5734931230545044,
    "한국사": 0.5850942134857178,
    "영어": 0.6269612908363342
}