{
    "융합과학탐구": 0.6348825097084045,
    "사회문제탐구": 0.606920063495636,
    "정보과학": 0.5999438166618347,
    "생활과과학": 0.6159404516220093,
    "융합과학": 0.6042773127555847,
    "농업생명과학": 0.5298178195953369,
    "생명과학Ⅱ": 0.6002519130706787,
    "생태와환경": 0.6066275238990784,
    "생명과학실험": 0.5996440649032593,
    "사회탐구방법": 0.6028518676757812,
    "과학과제연구": 0.6311066746711731,
    "고급생명과학": 0.5805239677429199,
    "화학Ⅱ": 0.5734931230545044
}