{
    "수학": 0.603714108467102,
    "통합사회": 0.6135848760604858,
    "과학탐구실험": 0.588538408279419,
    "통합과학": 0.6326326727867126,
    "국어": 0.5800607204437256,
    "한국사": 0.5850942134857178,
    "영어": 0.6269612908363342
}