{
    "융합과학탐구": 0.5050496459007263,
    "사회문제탐구": 0.47141915559768677,
    "생활과과학": 0.4967576861381531,
    "정보과학": 0.48994654417037964,
    "융합과학": 0.49564164876937866,
    "농업생명과학": 0.46446916460990906,
    "생명과학Ⅱ": 0.5126519203186035,
    "생태와환경": 0.5199989676475525,
    "생명과학실험": 0.45885229110717773,
    "사회탐구방법": 0.502312183380127,
    "과학과제연구": 0.5024572610855103,
    "고급생명과학": 0.4797958731651306,
    "화학Ⅱ": 0.4940604567527771
}