{
    "논술-생명과학Ⅰ": 0.712067723274231,
    "논술-환경": 0.7171489000320435,
    "논술-윤리와사상": 0.7579945921897888,
    "논술-화학Ⅰ": 0.8082849383354187,
    "논술-생활과윤리": 0.7262682914733887,
    "논술-철학": 0.6680351495742798,
    "생명과학Ⅰ-환경": 0.8375853896141052,
    "생명과학Ⅰ-윤리와사상": 0.8363608121871948,
    "생명과학Ⅰ-화학Ⅰ": 0.8694494366645813,
    "생명과학Ⅰ-생활과윤리": 0.7782621383666992,
    "생명과학Ⅰ-철학": 0.7113132476806641,
    "환경-윤리와사상": 0.8295576572418213,
    "환경-화학Ⅰ": 0.844565212726593,
    "환경-생활과윤리": 0.8197362422943115,
    "환경-철학": 0.7936888933181763,
    "윤리와사상-화학Ⅰ": 0.8313327431678772,
    "윤리와사상-생활과윤리": 0.79204922914505,
    "윤리와사상-철학": 0.7901319265365601,
    "화학Ⅰ-생활과윤리": 0.8333884477615356,
    "화학Ⅰ-철학": 0.7100832462310791,
    "생활과윤리-철학": 0.7479561567306519
}