{
    "논술-융합과학탐구": 0.8549327254295349,
    "논술-사회문제탐구": 0.7139900922775269,
    "논술-생명과학Ⅰ": 0.712067723274231,
    "논술-정보과학": 0.8495649099349976,
    "논술-환경": 0.7171489000320435,
    "논술-생활과과학": 0.817351758480072,
    "논술-융합과학": 0.7933365106582642,
    "논술-농업생명과학": 0.6836373805999756,
    "논술-수학": 0.7931991815567017,
    "논술-생명과학Ⅱ": 0.7391336560249329,
    "논술-생태와환경": 0.7601556777954102,
    "논술-윤리와사상": 0.7579945921897888,
    "논술-통합사회": 0.7990332245826721,
    "논술-과학탐구실험": 0.8717184066772461,
    "논술-화학Ⅰ": 0.8082849383354187,
    "논술-생명과학실험": 0.8240315914154053,
    "논술-사회탐구방법": 0.8582392930984497,
    "논술-과학과제연구": 0.8466850519180298,
    "논술-생활과윤리": 0.7262682914733887,
    "논술-철학": 0.6680351495742798,
    "논술-통합과학": 0.7813353538513184,
    "논술-국어": 0.8350735306739807,
    "논술-고급생명과학": 0.8359594941139221,
    "논술-화학Ⅱ": 0.768044650554657,
    "논술-한국사": 0.6467173099517822,
    "논술-영어": 0.8000876903533936,
    "융합과학탐구-사회문제탐구": 0.7984442114830017,
    "융합과학탐구-생명과학Ⅰ": 0.7507963180541992,
    "융합과학탐구-정보과학": 0.8810848593711853,
    "융합과학탐구-환경": 0.7694668173789978,
    "융합과학탐구-생활과과학": 0.8445751070976257,
    "융합과학탐구-융합과학": 0.8276216387748718,
    "융합과학탐구-농업생명과학": 0.7361775636672974,
    "융합과학탐구-수학": 0.8031730055809021,
    "융합과학탐구-생명과학Ⅱ": 0.7983500957489014,
    "융합과학탐구-생태와환경": 0.8202855587005615,
    "융합과학탐구-윤리와사상": 0.760779857635498,
    "융합과학탐구-통합사회": 0.8082112073898315,
    "융합과학탐구-과학탐구실험": 0.8816769123077393,
    "융합과학탐구-화학Ⅰ": 0.841437816619873,
    "융합과학탐구-생명과학실험": 0.9132372140884399,
    "융합과학탐구-사회탐구방법": 0.8850576877593994,
    "융합과학탐구-과학과제연구": 0.98677659034729,
    "융합과학탐구-생활과윤리": 0.764487624168396,
    "융합과학탐구-철학": 0.6342253684997559,
    "융합과학탐구-통합과학": 0.808842122554779,
    "융합과학탐구-국어": 0.7774240970611572,
    "융합과학탐구-고급생명과학": 0.8968313932418823,
    "융합과학탐구-화학Ⅱ": 0.8397352695465088,
    "융합과학탐구-한국사": 0.691602349281311,
    "융합과학탐구-영어": 0.8181107640266418,
    "사회문제탐구-생명과학Ⅰ": 0.8183039426803589,
    "사회문제탐구-정보과학": 0.7319765090942383,
    "사회문제탐구-환경": 0.8317193984985352,
    "사회문제탐구-생활과과학": 0.8076876401901245,
    "사회문제탐구-융합과학": 0.8265699744224548,
    "사회문제탐구-농업생명과학": 0.6984109878540039,
    "사회문제탐구-수학": 0.8138042688369751,
    "사회문제탐구-생명과학Ⅱ": 0.784171462059021,
    "사회문제탐구-생태와환경": 0.8299024701118469,
    "사회문제탐구-윤리와사상": 0.838355541229248,
    "사회문제탐구-통합사회": 0.7804983258247375,
    "사회문제탐구-과학탐구실험": 0.7767452001571655,
    "사회문제탐구-화학Ⅰ": 0.8551293611526489,
    "사회문제탐구-생명과학실험": 0.7294999361038208,
    "사회문제탐구-사회탐구방법": 0.7593921422958374,
    "사회문제탐구-과학과제연구": 0.7953590154647827,
    "사회문제탐구-생활과윤리": 0.7661157846450806,
    "사회문제탐구-철학": 0.6481355428695679,
    "사회문제탐구-통합과학": 0.7923059463500977,
    "사회문제탐구-국어": 0.7269455790519714,
    "사회문제탐구-고급생명과학": 0.7114483118057251,
    "사회문제탐구-화학Ⅱ": 0.80771803855896,
    "사회문제탐구-한국사": 0.7939982414245605,
    "사회문제탐구-영어": 0.8447288274765015,
    "생명과학Ⅰ-정보과학": 0.7517737150192261,
    "생명과학Ⅰ-환경": 0.8375853896141052,
    "생명과학Ⅰ-생활과과학": 0.8407747149467468,
    "생명과학Ⅰ-융합과학": 0.8574161529541016,
    "생명과학Ⅰ-농업생명과학": 0.7312330007553101,
    "생명과학Ⅰ-수학": 0.8101406097412109,
    "생명과학Ⅰ-생명과학Ⅱ": 0.8075200915336609,
    "생명과학Ⅰ-생태와환경": 0.84042888879776,
    "생명과학Ⅰ-윤리와사상": 0.8363608121871948,
    "생명과학Ⅰ-통합사회": 0.8191981911659241,
    "생명과학Ⅰ-과학탐구실험": 0.7293141484260559,
    "생명과학Ⅰ-화학Ⅰ": 0.8694494366645813,
    "생명과학Ⅰ-생명과학실험": 0.6927491426467896,
    "생명과학Ⅰ-사회탐구방법": 0.779883623123169,
    "생명과학Ⅰ-과학과제연구": 0.74517822265625,
    "생명과학Ⅰ-생활과윤리": 0.7782621383666992,
    "생명과학Ⅰ-철학": 0.7113132476806641,
    "생명과학Ⅰ-통합과학": 0.8503450155258179,
    "생명과학Ⅰ-국어": 0.7574098110198975,
    "생명과학Ⅰ-고급생명과학": 0.704740047454834,
    "생명과학Ⅰ-화학Ⅱ": 0.8071156740188599,
    "생명과학Ⅰ-한국사": 0.7795275449752808,
    "생명과학Ⅰ-영어": 0.7880234718322754,
    "정보과학-환경": 0.7803759574890137,
    "정보과학-생활과과학": 0.8597468137741089,
    "정보과학-융합과학": 0.8585573434829712,
    "정보과학-농업생명과학": 0.747929573059082,
    "정보과학-수학": 0.8194609880447388,
    "정보과학-생명과학Ⅱ": 0.7744146585464478,
    "정보과학-생태와환경": 0.8150163888931274,
    "정보과학-윤리와사상": 0.7224259376525879,
    "정보과학-통합사회": 0.8243145942687988,
    "정보과학-과학탐구실험": 0.8631775975227356,
    "정보과학-화학Ⅰ": 0.8677914142608643,
    "정보과학-생명과학실험": 0.8451907634735107,
    "정보과학-사회탐구방법": 0.889550507068634,
    "정보과학-과학과제연구": 0.8752262592315674,
    "정보과학-생활과윤리": 0.7737993001937866,
    "정보과학-철학": 0.6388534903526306,
    "정보과학-통합과학": 0.7955942153930664,
    "정보과학-국어": 0.7630382776260376,
    "정보과학-고급생명과학": 0.8631912469863892,
    "정보과학-화학Ⅱ": 0.8773727416992188,
    "정보과학-한국사": 0.6891541481018066,
    "정보과학-영어": 0.7809939384460449,
    "환경-생활과과학": 0.8527473211288452,
    "환경-융합과학": 0.8904582262039185,
    "환경-농업생명과학": 0.7995781302452087,
    "환경-수학": 0.842207670211792,
    "환경-생명과학Ⅱ": 0.775119423866272,
    "환경-생태와환경": 0.8932433724403381,
    "환경-윤리와사상": 0.8295576572418213,
    "환경-통합사회": 0.8760135769844055,
    "환경-과학탐구실험": 0.7371405363082886,
    "환경-화학Ⅰ": 0.844565212726593,
    "환경-생명과학실험": 0.6788736581802368,
    "환경-사회탐구방법": 0.7772824764251709,
    "환경-과학과제연구": 0.7602253556251526,
    "환경-생활과윤리": 0.8197362422943115,
    "환경-철학": 0.7936888933181763,
    "환경-통합과학": 0.8498578071594238,
    "환경-국어": 0.8022291660308838,
    "환경-고급생명과학": 0.7022033929824829,
    "환경-화학Ⅱ": 0.7877523303031921,
    "환경-한국사": 0.8145056962966919,
    "환경-영어": 0.8032574653625488,
    "생활과과학-융합과학": 0.9224174618721008,
    "생활과과학-농업생명과학": 0.7843778133392334,
    "생활과과학-수학": 0.8567763566970825,
    "생활과과학-생명과학Ⅱ": 0.7877441644668579,
    "생활과과학-생태와환경": 0.8643589615821838,
    "생활과과학-윤리와사상": 0.8255409002304077,
    "생활과과학-통합사회": 0.8391281366348267,
    "생활과과학-과학탐구실험": 0.8526062965393066,
    "생활과과학-화학Ⅰ": 0.9123691916465759,
    "생활과과학-생명과학실험": 0.7827326655387878,
    "생활과과학-사회탐구방법": 0.8671879768371582,
    "생활과과학-과학과제연구": 0.8354142308235168,
    "생활과과학-생활과윤리": 0.8657398819923401,
    "생활과과학-철학": 0.7567763328552246,
    "생활과과학-통합과학": 0.8936160802841187,
    "생활과과학-국어": 0.8226252794265747,
    "생활과과학-고급생명과학": 0.785897970199585,
    "생활과과학-화학Ⅱ": 0.847480833530426,
    "생활과과학-한국사": 0.7591710090637207,
    "생활과과학-영어": 0.8020695447921753,
    "융합과학-농업생명과학": 0.8310168385505676,
    "융합과학-수학": 0.882491409778595,
    "융합과학-생명과학Ⅱ": 0.8079183101654053,
    "융합과학-생태와환경": 0.9026213884353638,
    "융합과학-윤리와사상": 0.8437213897705078,
    "융합과학-통합사회": 0.8962341547012329,
    "융합과학-과학탐구실험": 0.83390212059021,
    "융합과학-화학Ⅰ": 0.9308723211288452,
    "융합과학-생명과학실험": 0.7725680470466614,
    "융합과학-사회탐구방법": 0.8664882183074951,
    "융합과학-과학과제연구": 0.822052001953125,
    "융합과학-생활과윤리": 0.8310327529907227,
    "융합과학-철학": 0.7619863748550415,
    "융합과학-통합과학": 0.9040093421936035,
    "융합과학-국어": 0.8359147906303406,
    "융합과학-고급생명과학": 0.7773755192756653,
    "융합과학-화학Ⅱ": 0.8752831220626831,
    "융합과학-한국사": 0.8149981498718262,
    "융합과학-영어": 0.8126952648162842,
    "농업생명과학-수학": 0.7749388217926025,
    "농업생명과학-생명과학Ⅱ": 0.6971850991249084,
    "농업생명과학-생태와환경": 0.8073238134384155,
    "농업생명과학-윤리와사상": 0.7183229923248291,
    "농업생명과학-통합사회": 0.7998637557029724,
    "농업생명과학-과학탐구실험": 0.704538106918335,
    "농업생명과학-화학Ⅰ": 0.7712538242340088,
    "농업생명과학-생명과학실험": 0.6799696087837219,
    "농업생명과학-사회탐구방법": 0.7382544279098511,
    "농업생명과학-과학과제연구": 0.7271812558174133,
    "농업생명과학-생활과윤리": 0.7400949001312256,
    "농업생명과학-철학": 0.6852455735206604,
    "농업생명과학-통합과학": 0.798420786857605,
    "농업생명과학-국어": 0.7402198910713196,
    "농업생명과학-고급생명과학": 0.6937566995620728,
    "농업생명과학-화학Ⅱ": 0.772619903087616,
    "농업생명과학-한국사": 0.7154279351234436,
    "농업생명과학-영어": 0.7522796392440796,
    "수학-생명과학Ⅱ": 0.7496777772903442,
    "수학-생태와환경": 0.8462753295898438,
    "수학-윤리와사상": 0.8242480754852295,
    "수학-통합사회": 0.8508850932121277,
    "수학-과학탐구실험": 0.7812020778656006,
    "수학-화학Ⅰ": 0.8773712515830994,
    "수학-생명과학실험": 0.7294825315475464,
    "수학-사회탐구방법": 0.8103106021881104,
    "수학-과학과제연구": 0.789219319820404,
    "수학-생활과윤리": 0.7775458097457886,
    "수학-철학": 0.7426225543022156,
    "수학-통합과학": 0.8389058113098145,
    "수학-국어": 0.8748712539672852,
    "수학-고급생명과학": 0.7471814155578613,
    "수학-화학Ⅱ": 0.7645497918128967,
    "수학-한국사": 0.832903265953064,