{
    "논술": 0.4607965350151062,
    "융합과학탐구": 0.5050496459007263,
    "사회문제탐구": 0.47141915559768677,
    "생명과학Ⅰ": 0.4885880649089813,
    "환경": 0.49462780356407166,
    "생활과과학": 0.4967576861381531,
    "정보과학": 0.48994654417037964,
    "융합과학": 0.49564164876937866,
    "농업생명과학": 0.46446916460990906,
    "수학": 0.47177669405937195,
    "생명과학Ⅱ": 0.5126519203186035,
    "생태와환경": 0.5199989676475525,
    "윤리와사상": 0.4903549551963806,
    "통합사회": 0.5117876529693604,
    "영어": 0.4945889413356781,
    "과학탐구실험": 0.4773545563220978,
    "화학Ⅰ": 0.48193004727363586,
    "생명과학실험": 0.45885229110717773,
    "사회탐구방법": 0.502312183380127,
    "과학과제연구": 0.5024572610855103,
    "생활과윤리": 0.44761744141578674,
    "철학": 0.4040013551712036,
    "통합과학": 0.5193842649459839,
    "국어": 0.4544839560985565,
    "고급생명과학": 0.4797958731651306,
    "화학Ⅱ": 0.4940604567527771,
    "한국사": 0.457492858171463
}