{
    "수학": 0.47177669405937195,
    "통합사회": 0.5117876529693604,
    "영어": 0.4945889413356781,
    "과학탐구실험": 0.4773545563220978,
    "통합과학": 0.5193842649459839,
    "국어": 0.4544839560985565,
    "한국사": 0.457492858171463
}