{
    "사회문제탐구": 0.593045711517334,
    "국제경제": 0.5914553999900818,
    "세계문제와미래사회": 0.5894549489021301,
    "기하": 0.6210358142852783,
    "수학과제탐구": 0.6236581206321716,
    "정보과학": 0.601114809513092,
    "지식재산일반": 0.6008641719818115,
    "창의경영": 0.629675567150116,
    "실용수학": 0.6131678223609924
}