{
    "경제": 0.5915314555168152,
    "사회문제탐구": 0.593045711517334,
    "국제경제": 0.5914553999900818,
    "세계문제와미래사회": 0.5894549489021301,
    "기하": 0.6210358142852783,
    "수학과제탐구": 0.6236581206321716,
    "정보과학": 0.601114809513092,
    "실용경제": 0.5906090140342712,
    "수학": 0.5786888599395752,
    "지식재산일반": 0.6008641719818115,
    "창의경영": 0.629675567150116,
    "통합사회": 0.6050609350204468,
    "수학Ⅱ": 0.6282060742378235,
    "과학탐구실험": 0.5957263708114624,
    "실용수학": 0.6131678223609924,
    "생활과윤리": 0.5706472396850586,
    "수학Ⅰ": 0.6280935406684875,
    "통합과학": 0.6112799048423767,
    "경제수학": 0.6240654587745667,
    "정보": 0.590186595916748,
    "국어": 0.5573328137397766,
    "확률과통계": 0.627402126789093,
    "미적분": 0.6265381574630737,
    "한국사": 0.561749279499054,
    "영어": 0.6135028600692749
}