{
    "사회문제탐구-세계문제와미래사회": 0.845375657081604,
    "사회문제탐구-기하": 0.8079409599304199,
    "사회문제탐구-수학과제탐구": 0.8707897663116455,
    "사회문제탐구-정보과학": 0.7319765090942383,
    "사회문제탐구-지식재산일반": 0.6826077103614807,
    "사회문제탐구-창의경영": 0.8277297616004944,
    "사회문제탐구-실용수학": 0.8457132577896118,
    "사회문제탐구-국제경제": 0.7523733973503113,
    "세계문제와미래사회-기하": 0.7669848203659058,
    "세계문제와미래사회-수학과제탐구": 0.7865257263183594,
    "세계문제와미래사회-정보과학": 0.7072835564613342,
    "세계문제와미래사회-지식재산일반": 0.7125266790390015,
    "세계문제와미래사회-창의경영": 0.8155579566955566,
    "세계문제와미래사회-실용수학": 0.8062664866447449,
    "세계문제와미래사회-국제경제": 0.7861277461051941,
    "기하-수학과제탐구": 0.9633005857467651,
    "기하-정보과학": 0.879551887512207,
    "기하-지식재산일반": 0.8128376603126526,
    "기하-창의경영": 0.8917359113693237,
    "기하-실용수학": 0.9474200010299683,
    "기하-국제경제": 0.8091652989387512,
    "수학과제탐구-정보과학": 0.8611910343170166,
    "수학과제탐구-지식재산일반": 0.808415412902832,
    "수학과제탐구-창의경영": 0.9066529273986816,
    "수학과제탐구-실용수학": 0.927472710609436,
    "수학과제탐구-국제경제": 0.7989076972007751,
    "정보과학-지식재산일반": 0.7867556214332581,
    "정보과학-창의경영": 0.8140119314193726,
    "정보과학-실용수학": 0.8466533422470093,
    "정보과학-국제경제": 0.7784152030944824,
    "지식재산일반-창의경영": 0.8209493160247803,
    "지식재산일반-실용수학": 0.7744378447532654,
    "지식재산일반-국제경제": 0.7326536178588867,
    "창의경영-실용수학": 0.8833037614822388,
    "창의경영-국제경제": 0.7778404951095581,
    "실용수학-국제경제": 0.8138988614082336
}