{
    "사회문제탐구": 0.7339930534362793,
    "세계문제와미래사회": 0.6814368367195129,
    "기하": 0.6494407653808594,
    "수학과제탐구": 0.685236394405365,
    "정보과학": 0.5919530391693115,
    "지식재산일반": 0.6146494150161743,
    "창의경영": 0.7046669125556946,
    "실용수학": 0.6856997013092041,
    "국제경제": 0.6385442018508911
}