{
    "수학": 0.6458325386047363,
    "통합사회": 0.6766988635063171,
    "과학탐구실험": 0.5883021950721741,
    "통합과학": 0.6464611291885376,
    "국어": 0.6107626557350159,
    "한국사": 0.6625985503196716,
    "영어": 0.7054845094680786
}