{
    "경제-사회문제탐구": 0.7890880107879639,
    "경제-세계문제와미래사회": 0.8414736986160278,
    "경제-기하": 0.8054351806640625,
    "경제-수학과제탐구": 0.8156423568725586,
    "경제-정보과학": 0.8155853748321533,
    "경제-실용경제": 0.8836628198623657,
    "경제-수학": 0.8449933528900146,
    "경제-지식재산일반": 0.7621413469314575,
    "경제-창의경영": 0.8231643438339233,
    "경제-통합사회": 0.8278655409812927,
    "경제-수학Ⅱ": 0.7977933883666992,
    "경제-확률과통계": 0.7993015050888062,
    "경제-과학탐구실험": 0.7625442147254944,
    "경제-실용수학": 0.8290031552314758,
    "경제-생활과윤리": 0.8263617157936096,
    "경제-수학Ⅰ": 0.7986728549003601,
    "경제-통합과학": 0.8641420602798462,
    "경제-경제수학": 0.8373613357543945,
    "경제-정보": 0.8528392314910889,
    "경제-미적분": 0.7927296161651611,
    "경제-국어": 0.7719683647155762,
    "경제-국제경제": 0.8867417573928833,
    "경제-한국사": 0.7296962738037109,
    "경제-영어": 0.7873967885971069,
    "사회문제탐구-세계문제와미래사회": 0.845375657081604,
    "사회문제탐구-기하": 0.8079409599304199,
    "사회문제탐구-수학과제탐구": 0.8707897663116455,
    "사회문제탐구-정보과학": 0.7319765090942383,
    "사회문제탐구-실용경제": 0.7508237361907959,
    "사회문제탐구-수학": 0.8138042688369751,
    "사회문제탐구-지식재산일반": 0.6826077103614807,
    "사회문제탐구-창의경영": 0.8277297616004944,
    "사회문제탐구-통합사회": 0.7804983258247375,
    "사회문제탐구-수학Ⅱ": 0.7984507083892822,
    "사회문제탐구-확률과통계": 0.8001992106437683,
    "사회문제탐구-과학탐구실험": 0.7767452001571655,
    "사회문제탐구-실용수학": 0.8457132577896118,
    "사회문제탐구-생활과윤리": 0.7661157846450806,
    "사회문제탐구-수학Ⅰ": 0.8002074956893921,
    "사회문제탐구-통합과학": 0.7923059463500977,
    "사회문제탐구-경제수학": 0.8183920383453369,
    "사회문제탐구-정보": 0.7771273851394653,
    "사회문제탐구-미적분": 0.8118970394134521,
    "사회문제탐구-국어": 0.7269455790519714,
    "사회문제탐구-국제경제": 0.7523733973503113,
    "사회문제탐구-한국사": 0.7939982414245605,
    "사회문제탐구-영어": 0.8447288274765015,
    "세계문제와미래사회-기하": 0.7669848203659058,
    "세계문제와미래사회-수학과제탐구": 0.7865257263183594,
    "세계문제와미래사회-정보과학": 0.7072835564613342,
    "세계문제와미래사회-실용경제": 0.8100295066833496,
    "세계문제와미래사회-수학": 0.8195829391479492,
    "세계문제와미래사회-지식재산일반": 0.7125266790390015,
    "세계문제와미래사회-창의경영": 0.8155579566955566,
    "세계문제와미래사회-통합사회": 0.7813111543655396,
    "세계문제와미래사회-수학Ⅱ": 0.7568004131317139,
    "세계문제와미래사회-확률과통계": 0.7584450840950012,
    "세계문제와미래사회-과학탐구실험": 0.674873948097229,
    "세계문제와미래사회-실용수학": 0.8062664866447449,
    "세계문제와미래사회-생활과윤리": 0.7558085322380066,
    "세계문제와미래사회-수학Ⅰ": 0.7584390044212341,
    "세계문제와미래사회-통합과학": 0.8563239574432373,
    "세계문제와미래사회-경제수학": 0.796628475189209,
    "세계문제와미래사회-정보": 0.7497242093086243,
    "세계문제와미래사회-미적분": 0.7683076858520508,
    "세계문제와미래사회-국어": 0.714158833026886,
    "세계문제와미래사회-국제경제": 0.7861277461051941,
    "세계문제와미래사회-한국사": 0.8114020824432373,
    "세계문제와미래사회-영어": 0.8063889741897583,
    "기하-수학과제탐구": 0.9633005857467651,
    "기하-정보과학": 0.879551887512207,
    "기하-실용경제": 0.8131011128425598,
    "기하-수학": 0.8748626708984375,
    "기하-지식재산일반": 0.8128376603126526,
    "기하-창의경영": 0.8917359113693237,
    "기하-통합사회": 0.8238099217414856,
    "기하-수학Ⅱ": 0.9921867251396179,
    "기하-확률과통계": 0.9924476742744446,
    "기하-과학탐구실험": 0.8244951367378235,
    "기하-실용수학": 0.9474200010299683,
    "기하-생활과윤리": 0.7471380233764648,
    "기하-수학Ⅰ": 0.9923225045204163,
    "기하-통합과학": 0.8191973567008972,
    "기하-경제수학": 0.955382764339447,
    "기하-정보": 0.832119882106781,
    "기하-미적분": 0.9937255382537842,
    "기하-국어": 0.8065703511238098,
    "기하-국제경제": 0.8091652989387512,
    "기하-한국사": 0.7751165628433228,
    "기하-영어": 0.904059886932373,
    "수학과제탐구-정보과학": 0.8611910343170166,
    "수학과제탐구-실용경제": 0.8080905079841614,
    "수학과제탐구-수학": 0.8757009506225586,
    "수학과제탐구-지식재산일반": 0.808415412902832,
    "수학과제탐구-창의경영": 0.9066529273986816,
    "수학과제탐구-통합사회": 0.8389728665351868,
    "수학과제탐구-수학Ⅱ": 0.9637250304222107,
    "수학과제탐구-확률과통계": 0.964557409286499,
    "수학과제탐구-과학탐구실험": 0.8577884435653687,
    "수학과제탐구-실용수학": 0.927472710609436,
    "수학과제탐구-생활과윤리": 0.7773408889770508,
    "수학과제탐구-수학Ⅰ": 0.9648380875587463,
    "수학과제탐구-통합과학": 0.8364787101745605,
    "수학과제탐구-경제수학": 0.9200128316879272,
    "수학과제탐구-정보": 0.8323734998703003,
    "수학과제탐구-미적분": 0.9633066654205322,
    "수학과제탐구-국어": 0.835212230682373,
    "수학과제탐구-국제경제": 0.7989076972007751,
    "수학과제탐구-한국사": 0.7985960245132446,
    "수학과제탐구-영어": 0.9191465973854065,
    "정보과학-실용경제": 0.764121949672699,
    "정보과학-수학": 0.8194609880447388,
    "정보과학-지식재산일반": 0.7867556214332581,
    "정보과학-창의경영": 0.8140119314193726,
    "정보과학-통합사회": 0.8243145942687988,
    "정보과학-수학Ⅱ": 0.8786810636520386,
    "정보과학-확률과통계": 0.8799225687980652,
    "정보과학-과학탐구실험": 0.8631775975227356,
    "정보과학-실용수학": 0.8466533422470093,
    "정보과학-생활과윤리": 0.7737993001937866,
    "정보과학-수학Ⅰ": 0.8794747591018677,
    "정보과학-통합과학": 0.7955942153930664,
    "정보과학-경제수학": 0.8610198497772217,
    "정보과학-정보": 0.9135618209838867,
    "정보과학-미적분": 0.8694114089012146,
    "정보과학-국어": 0.7630382776260376,
    "정보과학-국제경제": 0.7784152030944824,
    "정보과학-한국사": 0.6891541481018066,
    "정보과학-영어": 0.7809939384460449,
    "실용경제-수학": 0.8608682751655579,
    "실용경제-지식재산일반": 0.7731075286865234,
    "실용경제-창의경영": 0.8057161569595337,
    "실용경제-통합사회": 0.8298964500427246,
    "실용경제-수학Ⅱ": 0.8178380131721497,
    "실용경제-확률과통계": 0.8188713788986206,
    "실용경제-과학탐구실험": 0.7327198386192322,
    "실용경제-실용수학": 0.8286924362182617,
    "실용경제-생활과윤리": 0.7552510499954224,
    "실용경제-수학Ⅰ": 0.8184645771980286,
    "실용경제-통합과학": 0.8324823379516602,
    "실용경제-경제수학": 0.8393331170082092,
    "실용경제-정보": 0.7814115881919861,
    "실용경제-미적분": 0.8091024160385132,
    "실용경제-국어": 0.7974894642829895,
    "실용경제-국제경제": 0.8962736129760742,
    "실용경제-한국사": 0.7874312400817871,
    "실용경제-영어": 0.7973585724830627,
    "수학-지식재산일반": 0.7628884315490723,
    "수학-창의경영": 0.8323442935943604,
    "수학-통합사회": 0.8508850932121277,
    "수학-수학Ⅱ": 0.8630635142326355,
    "수학-확률과통계": 0.8639991283416748,
    "수학-과학탐구실험": 0.7812020778656006,
    "수학-실용수학": 0.8908486366271973,
    "수학-생활과윤리": 0.7775458097457886,
    "수학-수학Ⅰ": 0.8634074926376343,
    "수학-통합과학": 0.8389058113098145,
    "수학-경제수학": 0.8740481734275818,
    "수학-정보": 0.8506548404693604,
    "수학-미적분": 0.86664217710495,
    "수학-국어": 0.8748712539672852,
    "수학-국제경제": 0.8198313117027283,
    "수학-한국사": 0.832903265953064,
    "수학-영어": 0.8570228219032288,
    "지식재산일반-창의경영": 0.8209493160247803,
    "지식재산일반-통합사회": 0.811129093170166,
    "지식재산일반-수학Ⅱ": 0.8189823627471924,
    "지식재산일반-확률과통계": 0.8180134296417236,
    "지식재산일반-과학탐구실험": 0.7879840135574341,
    "지식재산일반-실용수학": 0.7744378447532654,
    "지식재산일반-생활과윤리": 0.7216348648071289,
    "지식재산일반-수학Ⅰ": 0.8193353414535522,
    "지식재산일반-통합과학": 0.8260993957519531,
    "지식재산일반-경제수학": 0.795613169670105,
    "지식재산일반-정보": 0.7891348600387573,
    "지식재산일반-미적분": 0.8096719980239868,
    "지식재산일반-국어": 0.7479240894317627,
    "지식재산일반-국제경제": 0.7326536178588867,
    "지식재산일반-한국사": 0.6855568885803223,
    "지식재산일반-영어": 0.7769025564193726,
    "창의경영-통합사회": 0.8293945789337158,
    "창의경영-수학Ⅱ": 0.8845937848091125,
    "창의경영-확률과통계": 0.8855201005935669,
    "창의경영-과학탐구실험": 0.7704519033432007,
    "창의경영-실용수학": 0.8833037614822388,
    "창의경영-생활과윤리": 0.7908309698104858,
    "창의경영-수학Ⅰ": 0.885843813419342,
    "창의경영-통합과학": 0.8428998589515686,
    "창의경영-경제수학": 0.8732719421386719,
    "창의경영-정보": 0.7983574867248535,
    "창의경영-미적분": 0.8939587473869324,
    "창의경영-국어": 0.7809932231903076,
    "창의경영-국제경제": 0.7778404951095581,
    "창의경영-한국사": 0.7859690189361572,
    "창의경영-영어": 0.8970475196838379,
    "통합사회-수학Ⅱ": 0.822421669960022,
    "통합사회-확률과통계": 0.8253576159477234,
    "통합사회-과학탐구실험": 0.7977112531661987,
    "통합사회-실용수학": 0.8266727924346924,
    "통합사회-생활과윤리": 0.7775527238845825,
    "통합사회-수학Ⅰ": 0.8234723806381226,
    "통합사회-통합과학": 0.8559854030609131,
    "통합사회-경제수학": 0.8436756134033203,
    "통합사회-정보": 0.8514676690101624,
    "통합사회-미적분": 0.8248429894447327,
    "통합사회-국어": 0.8234125971794128,
    "통합사회-국제경제": 0.7915604114532471,
    "통합사회-한국사": 0.7748098969459534,
    "통합사회-영어": 0.8028392195701599,
    "수학Ⅱ-확률과통계": 0.9991017580032349,
    "수학Ⅱ-과학탐구실험": 0.8309407830238342,
    "수학Ⅱ-실용수학": 0.9398949146270752,
    "수학Ⅱ-생활과윤리": 0.7472010850906372,
    "수학Ⅱ-수학Ⅰ": 0.9996440410614014,
    "수학Ⅱ-통합과학": 0.8224835395812988,