{
    "수학": 0.5786888599395752,
    "통합사회": 0.6050609350204468,
    "과학탐구실험": 0.5957263708114624,
    "통합과학": 0.6112799048423767,
    "국어": 0.5573328137397766,
    "한국사": 0.561749279499054,
    "영어": 0.6135028600692749
}