{
    "경제": 0.642524003982544,
    "사회문제탐구": 0.7339930534362793,
    "세계문제와미래사회": 0.6814368367195129,
    "기하": 0.6494407653808594,
    "수학과제탐구": 0.685236394405365,
    "정보과학": 0.5919530391693115,
    "실용경제": 0.6349574327468872,
    "수학": 0.6458325386047363,
    "지식재산일반": 0.6146494150161743,
    "창의경영": 0.7046669125556946,
    "통합사회": 0.6766988635063171,
    "수학Ⅱ": 0.652404248714447,
    "확률과통계": 0.655434787273407,
    "과학탐구실험": 0.5883021950721741,
    "실용수학": 0.6856997013092041,
    "생활과윤리": 0.591628909111023,
    "수학Ⅰ": 0.6534743905067444,
    "통합과학": 0.6464611291885376,
    "경제수학": 0.6879964470863342,
    "정보": 0.6198502779006958,
    "미적분": 0.6633365154266357,
    "국어": 0.6107626557350159,
    "국제경제": 0.6385442018508911,
    "한국사": 0.6625985503196716,
    "영어": 0.7054845094680786
}