{
    "경제": 0.5915314555168152,
    "실용경제": 0.5906090140342712,
    "수학Ⅱ": 0.6282060742378235,
    "생활과윤리": 0.5706472396850586,
    "수학Ⅰ": 0.6280935406684875,
    "경제수학": 0.6240654587745667,
    "정보": 0.590186595916748,
    "확률과통계": 0.627402126789093,
    "미적분": 0.6265381574630737
}