{
    "경제-실용경제": 0.8836628198623657,
    "경제-수학Ⅱ": 0.7977933883666992,
    "경제-확률과통계": 0.7993015050888062,
    "경제-생활과윤리": 0.8263617157936096,
    "경제-수학Ⅰ": 0.7986728549003601,
    "경제-경제수학": 0.8373613357543945,
    "경제-정보": 0.8528392314910889,
    "경제-미적분": 0.7927296161651611,
    "실용경제-수학Ⅱ": 0.8178380131721497,
    "실용경제-확률과통계": 0.8188713788986206,
    "실용경제-생활과윤리": 0.7552510499954224,
    "실용경제-수학Ⅰ": 0.8184645771980286,
    "실용경제-경제수학": 0.8393331170082092,
    "실용경제-정보": 0.7814115881919861,
    "실용경제-미적분": 0.8091024160385132,
    "수학Ⅱ-확률과통계": 0.9991017580032349,
    "수학Ⅱ-생활과윤리": 0.7472010850906372,
    "수학Ⅱ-수학Ⅰ": 0.9996440410614014,
    "수학Ⅱ-경제수학": 0.9491709470748901,
    "수학Ⅱ-정보": 0.8215370774269104,
    "수학Ⅱ-미적분": 0.9929215312004089,
    "확률과통계-생활과윤리": 0.7462242841720581,
    "확률과통계-수학Ⅰ": 0.999411940574646,
    "확률과통계-경제수학": 0.9512915015220642,
    "확률과통계-정보": 0.823447585105896,
    "확률과통계-미적분": 0.9934666156768799,
    "생활과윤리-수학Ⅰ": 0.7467365860939026,
    "생활과윤리-경제수학": 0.7436255216598511,
    "생활과윤리-정보": 0.8133800029754639,
    "생활과윤리-미적분": 0.7457464933395386,
    "수학Ⅰ-경제수학": 0.9495857954025269,
    "수학Ⅰ-정보": 0.8224542140960693,
    "수학Ⅰ-미적분": 0.9931793212890625,
    "경제수학-정보": 0.8299839496612549,
    "경제수학-미적분": 0.9537402987480164,
    "정보-미적분": 0.8185144662857056
}