{
    "경제": 0.642524003982544,
    "실용경제": 0.6349574327468872,
    "수학Ⅱ": 0.652404248714447,
    "확률과통계": 0.655434787273407,
    "생활과윤리": 0.591628909111023,
    "수학Ⅰ": 0.6534743905067444,
    "경제수학": 0.6879964470863342,
    "정보": 0.6198502779006958,
    "미적분": 0.6633365154266357
}