{
    "경제": 1.3973714113235474,
    "실용경제": 1.339482069015503,
    "수학Ⅱ": 1.3770979642868042,
    "생활과윤리": 1.2911314964294434,
    "수학Ⅰ": 1.3773608207702637,
    "경제수학": 1.412647008895874,
    "정보": 1.3676371574401855,
    "확률과통계": 1.3766212463378906,
    "미적분": 1.3786157369613647,
    "논술": 0.5573824644088745,
    "논리학": 0.6539776921272278,
    "철학": 0.556572675704956,
    "교육학": 0.5892292261123657
}