{
    "심화수학Ⅰ": 1.2084455490112305,
    "확률과통계": 1.3766212463378906,
    "국제경제": 0.7386599779129028,
    "지역이해": 0.6870381832122803,
    "국어": 1.268277883529663,
    "경제": 1.3973714113235474,
    "수학": 1.4292941093444824,
    "통합과학": 1.4167557954788208,
    "생활과윤리": 1.2911314964294434,
    "경제수학": 1.412647008895874,
    "정보": 1.3676371574401855,
    "수학Ⅰ": 1.3773608207702637,
    "세계문제와미래사회": 0.696352481842041,
    "실용경제": 1.339482069015503,
    "수학과제탐구": 1.4119820594787598,
    "사회문제탐구": 0.7140176892280579,
    "실용수학": 1.4147570133209229,
    "정보과학": 1.338308572769165,
    "한국사": 1.287135124206543,
    "국제법": 0.7267065644264221,
    "수학Ⅱ": 1.3770979642868042,
    "영어": 1.3356077671051025,
    "국제관계와국제기구": 0.72566819190979,
    "통합사회": 1.3519611358642578,
    "기하": 1.3850148916244507,
    "미적분": 1.3786157369613647,
    "과학탐구실험": 1.2679932117462158,
    "심화수학Ⅱ": 0.553154706954956,
    "논리학": 0.6539776921272278,
    "철학": 0.556572675704956,
    "고급수학Ⅱ": 0.5692996978759766,
    "논술": 0.5573824644088745,
    "고급수학Ⅰ": 0.48553165793418884,
    "물리학Ⅱ": 0.5872036814689636,
    "교육학": 0.5892292261123657
}