{
    "사회문제탐구": 0.8571863174438477,
    "심화수학Ⅰ": 0.6783113479614258,
    "국제법": 0.8174800872802734,
    "세계문제와미래사회": 0.857917308807373,
    "심화수학Ⅱ": 0.6636859178543091,
    "고급수학Ⅰ": 0.5928786993026733,
    "물리학Ⅱ": 0.7560577392578125,
    "실용수학": 0.8020715713500977,
    "지역이해": 0.7566000819206238,
    "고급수학Ⅱ": 0.6802679896354675,
    "국제관계와국제기구": 0.8321256637573242,
    "수학과제탐구": 0.8203401565551758,
    "정보과학": 0.7496252059936523,
    "국제경제": 0.7679212093353271,
    "기하": 0.7881385087966919
}