{
    "경제": 0.9776654099305175,
    "수학Ⅱ": 0.9634811724777786,
    "통합과학": 0.9912276180362822,
    "세계문제와미래사회": 0.4872002740999257,
    "국제경제": 0.5168005472657231,
    "실용수학": 0.9898291779637806,
    "수학": 1.0,
    "국어": 0.8873456311320934,
    "생활과윤리": 0.9033350714791621,
    "미적분": 0.9645430761578103,
    "수학Ⅰ": 0.9636650789822139,
    "통합사회": 0.9458942893735902,
    "사회문제탐구": 0.49955966694323534,
    "수학과제탐구": 0.9878876924262547,
    "정보과학": 0.9363423273205498,
    "실용경제": 0.937163359352142,
    "지역이해": 0.48068356171101606,
    "기하": 0.969020219540162,
    "한국사": 0.9005390253772627,
    "국제법": 0.5084373885509902,
    "영어": 0.9344527192640938,
    "정보": 0.9568619561913856,
    "경제수학": 0.9883529216696743,
    "심화수학Ⅰ": 0.845484173698484,
    "국제관계와국제기구": 0.507710895305238,
    "과학탐구실험": 0.8871464616388547,
    "확률과통계": 0.963147638640483,
    "논리학": 0.4575529192009066,
    "물리학Ⅱ": 0.41083474536830844,
    "철학": 0.38940388270418125,
    "고급수학Ⅱ": 0.3983082936912646,
    "교육학": 0.4122519097084953,
    "논술": 0.3899704481847385,
    "고급수학Ⅰ": 0.3397003141339947,
    "심화수학Ⅱ": 0.38701251431634986
}