{
    "한국사-수학": 0.832903265953064,
    "한국사-과학탐구실험": 0.6669189929962158,
    "한국사-통합과학": 0.7767266035079956,
    "한국사-국어": 0.7871306538581848,
    "한국사-영어": 0.8356921672821045,
    "한국사-통합사회": 0.7748098969459534,
    "수학-과학탐구실험": 0.7812020778656006,
    "수학-통합과학": 0.8389058113098145,
    "수학-국어": 0.8748712539672852,
    "수학-영어": 0.8570228219032288,
    "수학-통합사회": 0.8508850932121277,
    "과학탐구실험-통합과학": 0.7940871119499207,
    "과학탐구실험-국어": 0.7638647556304932,
    "과학탐구실험-영어": 0.7618088722229004,
    "과학탐구실험-통합사회": 0.7977112531661987,
    "통합과학-국어": 0.782307505607605,
    "통합과학-영어": 0.8047071695327759,
    "통합과학-통합사회": 0.8559854030609131,
    "국어-영어": 0.833315908908844,
    "국어-통합사회": 0.8234125971794128,
    "영어-통합사회": 0.8028392195701599
}