{
    "한국사": 1.287135124206543,
    "수학": 1.4292941093444824,
    "과학탐구실험": 1.2679932117462158,
    "통합과학": 1.4167557954788208,
    "국어": 1.268277883529663,
    "영어": 1.3356077671051025,
    "통합사회": 1.3519611358642578
}