{
    "한국사": 0.747138500213623,
    "수학": 0.8059663772583008,
    "과학탐구실험": 0.7213761806488037,
    "통합과학": 0.8477866053581238,
    "국어": 0.7094103097915649,
    "영어": 0.7910818457603455,
    "통합사회": 0.7797770500183105
}