{
    "통계학과": 0.877282440662384,
    "수학과": 0.814316987991333
}