{
    "논술": 0.68998122215271,
    "논리학": 0.7623943090438843,
    "경제": 0.8271398544311523,
    "실용경제": 0.7469998598098755,
    "수학Ⅱ": 0.7785358428955078,
    "생활과윤리": 0.7737618684768677,
    "철학": 0.636408269405365,
    "수학Ⅰ": 0.7804795503616333,
    "교육학": 0.7043547630310059,
    "경제수학": 0.8110348582267761,
    "정보": 0.7880322933197021,
    "확률과통계": 0.7819814682006836,
    "미적분": 0.790399432182312
}