{
    "사회문제탐구": 0.7140176892280579,
    "심화수학Ⅰ": 1.2084455490112305,
    "국제법": 0.7267065644264221,
    "세계문제와미래사회": 0.696352481842041,
    "실용수학": 1.4147570133209229,
    "지역이해": 0.6870381832122803,
    "국제관계와국제기구": 0.72566819190979,
    "수학과제탐구": 1.4119820594787598,
    "정보과학": 1.338308572769165,
    "국제경제": 0.7386599779129028,
    "기하": 1.3850148916244507,
    "심화수학Ⅱ": 0.553154706954956,
    "고급수학Ⅰ": 0.48553165793418884,
    "물리학Ⅱ": 0.5872036814689636,
    "고급수학Ⅱ": 0.5692996978759766
}