{
    "논술": 0.68998122215271,
    "논리학": 0.7623943090438843,
    "고급수학Ⅰ": 0.5928786993026733,
    "경제": 0.8271398544311523,
    "사회문제탐구": 0.8571863174438477,
    "국제경제": 0.7679212093353271,
    "세계문제와미래사회": 0.857917308807373,
    "기하": 0.7881385087966919,
    "수학과제탐구": 0.8203401565551758,
    "정보과학": 0.7496252059936523,
    "국제법": 0.8174800872802734,
    "물리학Ⅱ": 0.7560577392578125,
    "실용경제": 0.7469998598098755,
    "수학": 0.8059663772583008,
    "통합사회": 0.7797770500183105,
    "수학Ⅱ": 0.7785358428955078,
    "과학탐구실험": 0.7213761806488037,
    "심화수학Ⅰ": 0.6783113479614258,
    "실용수학": 0.8020715713500977,
    "심화수학Ⅱ": 0.6636859178543091,
    "생활과윤리": 0.7737618684768677,
    "철학": 0.636408269405365,
    "수학Ⅰ": 0.7804795503616333,
    "통합과학": 0.8477866053581238,
    "교육학": 0.7043547630310059,
    "경제수학": 0.8110348582267761,
    "고급수학Ⅱ": 0.6802679896354675,
    "정보": 0.7880322933197021,
    "국어": 0.7094103097915649,
    "국제관계와국제기구": 0.8321256637573242,
    "지역이해": 0.7566000819206238,
    "확률과통계": 0.7819814682006836,
    "미적분": 0.790399432182312,
    "한국사": 0.747138500213623,
    "영어": 0.7910818457603455
}