{
    "사회문제탐구-심화수학Ⅰ": 0.6865419149398804,
    "사회문제탐구-국제법": 0.826143741607666,
    "사회문제탐구-세계문제와미래사회": 0.845375657081604,
    "사회문제탐구-심화수학Ⅱ": 0.6571522355079651,
    "사회문제탐구-고급수학Ⅰ": 0.5687402486801147,
    "사회문제탐구-물리학Ⅱ": 0.7295941114425659,
    "사회문제탐구-실용수학": 0.8457132577896118,
    "사회문제탐구-지역이해": 0.7297073602676392,
    "사회문제탐구-고급수학Ⅱ": 0.6948990225791931,
    "사회문제탐구-국제관계와국제기구": 0.8414759635925293,
    "사회문제탐구-수학과제탐구": 0.8707897663116455,
    "사회문제탐구-정보과학": 0.7319765090942383,
    "사회문제탐구-국제경제": 0.7523733973503113,
    "사회문제탐구-기하": 0.8079409599304199,
    "심화수학Ⅰ-국제법": 0.7696139216423035,
    "심화수학Ⅰ-세계문제와미래사회": 0.6382508277893066,
    "심화수학Ⅰ-심화수학Ⅱ": 0.9509059190750122,
    "심화수학Ⅰ-고급수학Ⅰ": 0.931368350982666,
    "심화수학Ⅰ-물리학Ⅱ": 0.700503945350647,
    "심화수학Ⅰ-실용수학": 0.8496478796005249,
    "심화수학Ⅰ-지역이해": 0.6311721801757812,
    "심화수학Ⅰ-고급수학Ⅱ": 0.9700818061828613,
    "심화수학Ⅰ-국제관계와국제기구": 0.7024242281913757,
    "심화수학Ⅰ-수학과제탐구": 0.8670365810394287,
    "심화수학Ⅰ-정보과학": 0.8498026132583618,
    "심화수학Ⅰ-국제경제": 0.7646589875221252,
    "심화수학Ⅰ-기하": 0.9030932188034058,
    "국제법-세계문제와미래사회": 0.8597867488861084,
    "국제법-심화수학Ⅱ": 0.7513294219970703,
    "국제법-고급수학Ⅰ": 0.6759905219078064,
    "국제법-물리학Ⅱ": 0.7157521843910217,
    "국제법-실용수학": 0.8439759612083435,
    "국제법-지역이해": 0.7596563100814819,
    "국제법-고급수학Ⅱ": 0.7596756219863892,
    "국제법-국제관계와국제기구": 0.9282113313674927,
    "국제법-수학과제탐구": 0.8373744487762451,
    "국제법-정보과학": 0.7994207143783569,
    "국제법-국제경제": 0.8811278343200684,
    "국제법-기하": 0.8329189419746399,
    "세계문제와미래사회-심화수학Ⅱ": 0.6179238557815552,
    "세계문제와미래사회-고급수학Ⅰ": 0.5551642775535583,
    "세계문제와미래사회-물리학Ⅱ": 0.6979506611824036,
    "세계문제와미래사회-실용수학": 0.8062664866447449,
    "세계문제와미래사회-지역이해": 0.7207467555999756,
    "세계문제와미래사회-고급수학Ⅱ": 0.6451404094696045,
    "세계문제와미래사회-국제관계와국제기구": 0.8670104742050171,
    "세계문제와미래사회-수학과제탐구": 0.7865257263183594,
    "세계문제와미래사회-정보과학": 0.7072835564613342,
    "세계문제와미래사회-국제경제": 0.7861277461051941,
    "세계문제와미래사회-기하": 0.7669848203659058,
    "심화수학Ⅱ-고급수학Ⅰ": 0.9003727436065674,
    "심화수학Ⅱ-물리학Ⅱ": 0.7196637988090515,
    "심화수학Ⅱ-실용수학": 0.8230581879615784,
    "심화수학Ⅱ-지역이해": 0.612761914730072,
    "심화수학Ⅱ-고급수학Ⅱ": 0.9527287483215332,
    "심화수학Ⅱ-국제관계와국제기구": 0.6857548952102661,
    "심화수학Ⅱ-수학과제탐구": 0.8797855377197266,
    "심화수학Ⅱ-정보과학": 0.8700883984565735,
    "심화수학Ⅱ-국제경제": 0.7567193508148193,
    "심화수학Ⅱ-기하": 0.9092249870300293,
    "고급수학Ⅰ-물리학Ⅱ": 0.6548671722412109,
    "고급수학Ⅰ-실용수학": 0.7586569786071777,
    "고급수학Ⅰ-지역이해": 0.5665839910507202,
    "고급수학Ⅰ-고급수학Ⅱ": 0.9482559561729431,
    "고급수학Ⅰ-국제관계와국제기구": 0.6050554513931274,
    "고급수학Ⅰ-수학과제탐구": 0.771009087562561,
    "고급수학Ⅰ-정보과학": 0.8115592002868652,
    "고급수학Ⅰ-국제경제": 0.6881975531578064,
    "고급수학Ⅰ-기하": 0.8045239448547363,
    "물리학Ⅱ-실용수학": 0.8000321388244629,
    "물리학Ⅱ-지역이해": 0.710424542427063,
    "물리학Ⅱ-고급수학Ⅱ": 0.7118169069290161,
    "물리학Ⅱ-국제관계와국제기구": 0.7377966642379761,
    "물리학Ⅱ-수학과제탐구": 0.7992675304412842,
    "물리학Ⅱ-정보과학": 0.8310511112213135,
    "물리학Ⅱ-국제경제": 0.7235581874847412,
    "물리학Ⅱ-기하": 0.8005756139755249,
    "실용수학-지역이해": 0.7266991138458252,
    "실용수학-고급수학Ⅱ": 0.8545722961425781,
    "실용수학-국제관계와국제기구": 0.8227213621139526,
    "실용수학-수학과제탐구": 0.927472710609436,
    "실용수학-정보과학": 0.8466533422470093,
    "실용수학-국제경제": 0.8138988614082336,
    "실용수학-기하": 0.9474200010299683,
    "지역이해-고급수학Ⅱ": 0.619010865688324,
    "지역이해-국제관계와국제기구": 0.7577762007713318,
    "지역이해-수학과제탐구": 0.7262263298034668,
    "지역이해-정보과학": 0.7251551151275635,
    "지역이해-국제경제": 0.7307906150817871,
    "지역이해-기하": 0.6991262435913086,
    "고급수학Ⅱ-국제관계와국제기구": 0.7041239738464355,
    "고급수학Ⅱ-수학과제탐구": 0.8804572820663452,
    "고급수학Ⅱ-정보과학": 0.8470313549041748,
    "고급수학Ⅱ-국제경제": 0.7563977241516113,
    "고급수학Ⅱ-기하": 0.9073888063430786,
    "국제관계와국제기구-수학과제탐구": 0.8245161771774292,
    "국제관계와국제기구-정보과학": 0.7734839916229248,
    "국제관계와국제기구-국제경제": 0.8889221549034119,
    "국제관계와국제기구-기하": 0.8153244853019714,
    "수학과제탐구-정보과학": 0.8611910343170166,
    "수학과제탐구-국제경제": 0.7989076972007751,
    "수학과제탐구-기하": 0.9633005857467651,
    "정보과학-국제경제": 0.7784152030944824,
    "정보과학-기하": 0.879551887512207,
    "국제경제-기하": 0.8091652989387512
}