{
    "논리학": 0.5570551753044128,
    "영어Ⅱ": 0.7054119110107422,
    "미술감상과비평": 0.7090279459953308,
    "미술창작": 0.6594939231872559,
    "윤리와사상": 0.6920804977416992,
    "수학Ⅱ": 0.671108067035675,
    "세계사": 0.6379255652427673,
    "미술": 0.6947603225708008,
    "종교학": 0.6656315326690674,
    "독일어Ⅰ": 0.5883661508560181,
    "한문Ⅰ": 0.6830095052719116,
    "철학": 0.576265811920166,
    "영어Ⅰ": 0.6871949434280396,
    "생활과윤리": 0.639499306678772,
    "수학Ⅰ": 0.6731363534927368,
    "교육학": 0.6082555055618286,
    "한국지리": 0.6187514662742615,
    "동아시아사": 0.7284003496170044,
    "확률과통계": 0.6741905212402344,
    "심리학": 0.6548670530319214
}