{
    "산업디자인과": 0.7054216861724854,
    "고고학과": 0.6906132698059082,
    "문화인류학과": 0.661845326423645,
    "사학과": 0.5541805028915405,
    "공예과": 0.6769102215766907,
    "공예학과": 0.7301792502403259,
    "산업디자인학과": 0.6575461030006409,
    "시각디자인과": 0.6963498592376709,
    "시각디자인학과": 0.6471412181854248,
    "예술학과": 0.7635182738304138,
    "동양화과": 0.6986212134361267,
    "회화학과": 0.7850730419158936,
    "조소학과": 0.7421214580535889,
    "서양화과": 0.7615068554878235
}