{
    "사회문제탐구": 0.7200595736503601,
    "고전읽기": 0.7325494289398193,
    "세계문제와미래사회": 0.6292937994003296,
    "고전과윤리": 0.6842103004455566,
    "비교문화": 0.7263995409011841,
    "사회과제연구": 0.7413232326507568,
    "여행지리": 0.6725379228591919,
    "미술사": 0.772179126739502,
    "한문Ⅱ": 0.6830095052719116,
    "미술이론": 0.7882910966873169,
    "사회탐구방법": 0.6585897207260132,
    "현대세계의변화": 0.707737147808075,
    "드로잉": 0.7820696830749512,
    "미술전공실기": 0.7635512351989746,
    "지역이해": 0.7012333869934082,
    "한국사회의이해": 0.7088704109191895
}