{
    "미술사": 6.476921081542969,
    "미술이론": 6.5742597579956055,
    "사회문제탐구": 1.4242641925811768,
    "고전읽기": 0.8784290552139282,
    "고전과윤리": 0.8989525437355042,
    "비교문화": 1.5301928520202637,
    "사회과제연구": 0.8531507253646851,
    "여행지리": 1.4543133974075317,
    "한문Ⅱ": 0.9260278940200806,
    "사회탐구방법": 0.7938632369041443,
    "현대세계의변화": 1.5349700450897217,
    "지역이해": 1.3088573217391968,
    "한국사회의이해": 0.9600085020065308,
    "세계문제와미래사회": 0.5786256790161133,
    "드로잉": 2.347572088241577,
    "미술전공실기": 2.224520683288574
}