{
    "사회문제탐구-고전읽기": 0.8109399080276489,
    "사회문제탐구-세계문제와미래사회": 0.845375657081604,
    "사회문제탐구-고전과윤리": 0.8328574895858765,
    "사회문제탐구-비교문화": 0.8397876024246216,
    "사회문제탐구-사회과제연구": 0.8141070604324341,
    "사회문제탐구-여행지리": 0.740826427936554,
    "사회문제탐구-미술사": 0.7443979978561401,
    "사회문제탐구-한문Ⅱ": 0.7033432126045227,
    "사회문제탐구-미술이론": 0.840360701084137,
    "사회문제탐구-사회탐구방법": 0.7593921422958374,
    "사회문제탐구-현대세계의변화": 0.7990997433662415,
    "사회문제탐구-드로잉": 0.7918745875358582,
    "사회문제탐구-미술전공실기": 0.8002744913101196,
    "사회문제탐구-지역이해": 0.7297073602676392,
    "사회문제탐구-한국사회의이해": 0.8201929330825806,
    "고전읽기-세계문제와미래사회": 0.7634066939353943,
    "고전읽기-고전과윤리": 0.8457108736038208,
    "고전읽기-비교문화": 0.8768373727798462,
    "고전읽기-사회과제연구": 0.8568276166915894,
    "고전읽기-여행지리": 0.7734394073486328,
    "고전읽기-미술사": 0.8652068376541138,
    "고전읽기-한문Ⅱ": 0.8271583318710327,
    "고전읽기-미술이론": 0.918786346912384,
    "고전읽기-사회탐구방법": 0.8859809041023254,
    "고전읽기-현대세계의변화": 0.8448799252510071,
    "고전읽기-드로잉": 0.8711961507797241,
    "고전읽기-미술전공실기": 0.899245023727417,
    "고전읽기-지역이해": 0.7459535598754883,
    "고전읽기-한국사회의이해": 0.8680854439735413,
    "세계문제와미래사회-고전과윤리": 0.7912360429763794,
    "세계문제와미래사회-비교문화": 0.8634347915649414,
    "세계문제와미래사회-사회과제연구": 0.7569652199745178,
    "세계문제와미래사회-여행지리": 0.7250529527664185,
    "세계문제와미래사회-미술사": 0.7772892713546753,
    "세계문제와미래사회-한문Ⅱ": 0.6991156339645386,
    "세계문제와미래사회-미술이론": 0.805547833442688,
    "세계문제와미래사회-사회탐구방법": 0.7505413293838501,
    "세계문제와미래사회-현대세계의변화": 0.8573024272918701,
    "세계문제와미래사회-드로잉": 0.7515119314193726,
    "세계문제와미래사회-미술전공실기": 0.7521311044692993,
    "세계문제와미래사회-지역이해": 0.7207467555999756,
    "세계문제와미래사회-한국사회의이해": 0.8666546940803528,
    "고전과윤리-비교문화": 0.8449591398239136,
    "고전과윤리-사회과제연구": 0.7632997035980225,
    "고전과윤리-여행지리": 0.7464814782142639,
    "고전과윤리-미술사": 0.8183668851852417,
    "고전과윤리-한문Ⅱ": 0.805980920791626,
    "고전과윤리-미술이론": 0.858612596988678,
    "고전과윤리-사회탐구방법": 0.788720965385437,
    "고전과윤리-현대세계의변화": 0.8134945631027222,
    "고전과윤리-드로잉": 0.8283494710922241,
    "고전과윤리-미술전공실기": 0.8281751275062561,
    "고전과윤리-지역이해": 0.7049080729484558,
    "고전과윤리-한국사회의이해": 0.8081715106964111,
    "비교문화-사회과제연구": 0.8521057963371277,
    "비교문화-여행지리": 0.7695668339729309,
    "비교문화-미술사": 0.8971245288848877,
    "비교문화-한문Ⅱ": 0.8063342571258545,
    "비교문화-미술이론": 0.8971458673477173,
    "비교문화-사회탐구방법": 0.8521220684051514,
    "비교문화-현대세계의변화": 0.9191906452178955,
    "비교문화-드로잉": 0.859146237373352,
    "비교문화-미술전공실기": 0.866065502166748,
    "비교문화-지역이해": 0.8106815814971924,
    "비교문화-한국사회의이해": 0.9419089555740356,
    "사회과제연구-여행지리": 0.7065488696098328,
    "사회과제연구-미술사": 0.79706209897995,
    "사회과제연구-한문Ⅱ": 0.7560588121414185,
    "사회과제연구-미술이론": 0.839943528175354,
    "사회과제연구-사회탐구방법": 0.8501611948013306,
    "사회과제연구-현대세계의변화": 0.8438414335250854,
    "사회과제연구-드로잉": 0.8039082884788513,
    "사회과제연구-미술전공실기": 0.8211988806724548,
    "사회과제연구-지역이해": 0.7833895683288574,
    "사회과제연구-한국사회의이해": 0.8488779067993164,
    "여행지리-미술사": 0.7751278281211853,
    "여행지리-한문Ⅱ": 0.755841851234436,
    "여행지리-미술이론": 0.783881664276123,
    "여행지리-사회탐구방법": 0.6541233062744141,
    "여행지리-현대세계의변화": 0.7565754652023315,
    "여행지리-드로잉": 0.7821632027626038,
    "여행지리-미술전공실기": 0.7621073126792908,
    "여행지리-지역이해": 0.6911731362342834,
    "여행지리-한국사회의이해": 0.7567186951637268,
    "미술사-한문Ⅱ": 0.8248416185379028,
    "미술사-미술이론": 0.9102756977081299,
    "미술사-사회탐구방법": 0.8334936499595642,
    "미술사-현대세계의변화": 0.8922556042671204,
    "미술사-드로잉": 0.9096538424491882,
    "미술사-미술전공실기": 0.8808098435401917,
    "미술사-지역이해": 0.783987283706665,
    "미술사-한국사회의이해": 0.8811478614807129,
    "한문Ⅱ-미술이론": 0.7964702248573303,
    "한문Ⅱ-사회탐구방법": 0.7425229549407959,
    "한문Ⅱ-현대세계의변화": 0.7976316213607788,
    "한문Ⅱ-드로잉": 0.8191850185394287,
    "한문Ⅱ-미술전공실기": 0.7767305970191956,
    "한문Ⅱ-지역이해": 0.7132538557052612,
    "한문Ⅱ-한국사회의이해": 0.7917685508728027,
    "미술이론-사회탐구방법": 0.863946259021759,
    "미술이론-현대세계의변화": 0.8601818084716797,
    "미술이론-드로잉": 0.925726592540741,
    "미술이론-미술전공실기": 0.9429259300231934,
    "미술이론-지역이해": 0.7589205503463745,
    "미술이론-한국사회의이해": 0.8747072219848633,
    "사회탐구방법-현대세계의변화": 0.8493197560310364,
    "사회탐구방법-드로잉": 0.8118340373039246,
    "사회탐구방법-미술전공실기": 0.838112473487854,
    "사회탐구방법-지역이해": 0.7056752443313599,
    "사회탐구방법-한국사회의이해": 0.8553372025489807,
    "현대세계의변화-드로잉": 0.8311092257499695,
    "현대세계의변화-미술전공실기": 0.8107563853263855,
    "현대세계의변화-지역이해": 0.7734506130218506,
    "현대세계의변화-한국사회의이해": 0.9567243456840515,
    "드로잉-미술전공실기": 0.930708110332489,
    "드로잉-지역이해": 0.7578290104866028,
    "드로잉-한국사회의이해": 0.8330925703048706,
    "미술전공실기-지역이해": 0.7350103855133057,
    "미술전공실기-한국사회의이해": 0.834006667137146,
    "지역이해-한국사회의이해": 0.7786729335784912
}