{
    "논리학-영어Ⅱ": 0.7354449033737183,
    "논리학-미술감상과비평": 0.6025944352149963,
    "논리학-미술창작": 0.725195050239563,
    "논리학-윤리와사상": 0.758925199508667,
    "논리학-수학Ⅱ": 0.7355799674987793,
    "논리학-세계사": 0.6657602190971375,
    "논리학-미술": 0.6904774904251099,
    "논리학-종교학": 0.7372220754623413,
    "논리학-독일어Ⅰ": 0.7453478574752808,
    "논리학-한문Ⅰ": 0.6578003168106079,
    "논리학-철학": 0.6393886804580688,
    "논리학-영어Ⅰ": 0.7553013563156128,
    "논리학-생활과윤리": 0.6800609827041626,
    "논리학-수학Ⅰ": 0.7363359332084656,
    "논리학-교육학": 0.7013674974441528,
    "논리학-한국지리": 0.7294168472290039,
    "논리학-동아시아사": 0.6929411888122559,
    "논리학-확률과통계": 0.7355728149414062,
    "논리학-심리학": 0.7198021411895752,
    "영어Ⅱ-미술감상과비평": 0.762244462966919,
    "영어Ⅱ-미술창작": 0.7625807523727417,
    "영어Ⅱ-윤리와사상": 0.8492419719696045,
    "영어Ⅱ-수학Ⅱ": 0.8903011679649353,
    "영어Ⅱ-세계사": 0.7367160320281982,
    "영어Ⅱ-미술": 0.8204624056816101,
    "영어Ⅱ-종교학": 0.8416190147399902,
    "영어Ⅱ-독일어Ⅰ": 0.7882896661758423,
    "영어Ⅱ-한문Ⅰ": 0.8269753456115723,
    "영어Ⅱ-철학": 0.7299681901931763,
    "영어Ⅱ-영어Ⅰ": 0.9760140180587769,
    "영어Ⅱ-생활과윤리": 0.8127317428588867,
    "영어Ⅱ-수학Ⅰ": 0.8915066719055176,
    "영어Ⅱ-교육학": 0.7625925540924072,
    "영어Ⅱ-한국지리": 0.8033738136291504,
    "영어Ⅱ-동아시아사": 0.8329501748085022,
    "영어Ⅱ-확률과통계": 0.8897008299827576,
    "영어Ⅱ-심리학": 0.8605709075927734,
    "미술감상과비평-미술창작": 0.7041351795196533,
    "미술감상과비평-윤리와사상": 0.7019899487495422,
    "미술감상과비평-수학Ⅱ": 0.6961255073547363,
    "미술감상과비평-세계사": 0.6967043876647949,
    "미술감상과비평-미술": 0.7798795700073242,
    "미술감상과비평-종교학": 0.7179151773452759,
    "미술감상과비평-독일어Ⅰ": 0.6448427438735962,
    "미술감상과비평-한문Ⅰ": 0.7464094161987305,
    "미술감상과비평-철학": 0.6222494840621948,
    "미술감상과비평-영어Ⅰ": 0.7502135634422302,
    "미술감상과비평-생활과윤리": 0.6900445222854614,
    "미술감상과비평-수학Ⅰ": 0.6997336745262146,
    "미술감상과비평-교육학": 0.6781522631645203,
    "미술감상과비평-한국지리": 0.6107309460639954,
    "미술감상과비평-동아시아사": 0.7985517978668213,
    "미술감상과비평-확률과통계": 0.7030036449432373,
    "미술감상과비평-심리학": 0.7148555517196655,
    "미술창작-윤리와사상": 0.7944889068603516,
    "미술창작-수학Ⅱ": 0.7761338949203491,
    "미술창작-세계사": 0.7471193671226501,
    "미술창작-미술": 0.7703165411949158,
    "미술창작-종교학": 0.7579370737075806,
    "미술창작-독일어Ⅰ": 0.7473800182342529,
    "미술창작-한문Ⅰ": 0.7172642350196838,
    "미술창작-철학": 0.7616816163063049,
    "미술창작-영어Ⅰ": 0.7887920141220093,
    "미술창작-생활과윤리": 0.7283308506011963,
    "미술창작-수학Ⅰ": 0.7782803773880005,
    "미술창작-교육학": 0.8087427616119385,
    "미술창작-한국지리": 0.7291843295097351,
    "미술창작-동아시아사": 0.7699537873268127,
    "미술창작-확률과통계": 0.779028058052063,
    "미술창작-심리학": 0.7818135619163513,
    "윤리와사상-수학Ⅱ": 0.8127713203430176,
    "윤리와사상-세계사": 0.765245795249939,
    "윤리와사상-미술": 0.7581350207328796,
    "윤리와사상-종교학": 0.8439805507659912,
    "윤리와사상-독일어Ⅰ": 0.7591770887374878,
    "윤리와사상-한문Ⅰ": 0.7753239274024963,
    "윤리와사상-철학": 0.7901319265365601,
    "윤리와사상-영어Ⅰ": 0.8541671633720398,
    "윤리와사상-생활과윤리": 0.79204922914505,
    "윤리와사상-수학Ⅰ": 0.8122189044952393,
    "윤리와사상-교육학": 0.7917137145996094,
    "윤리와사상-한국지리": 0.8303845524787903,
    "윤리와사상-동아시아사": 0.8180272579193115,
    "윤리와사상-확률과통계": 0.8094477653503418,
    "윤리와사상-심리학": 0.8430343866348267,
    "수학Ⅱ-세계사": 0.7509311437606812,
    "수학Ⅱ-미술": 0.7667317390441895,
    "수학Ⅱ-종교학": 0.7765836119651794,
    "수학Ⅱ-독일어Ⅰ": 0.7843014001846313,
    "수학Ⅱ-한문Ⅰ": 0.7467325329780579,
    "수학Ⅱ-철학": 0.666738748550415,
    "수학Ⅱ-영어Ⅰ": 0.9128744602203369,
    "수학Ⅱ-생활과윤리": 0.7472010850906372,
    "수학Ⅱ-수학Ⅰ": 0.9996440410614014,
    "수학Ⅱ-교육학": 0.7910385131835938,
    "수학Ⅱ-한국지리": 0.7928948402404785,
    "수학Ⅱ-동아시아사": 0.800475001335144,
    "수학Ⅱ-확률과통계": 0.9991017580032349,
    "수학Ⅱ-심리학": 0.7968568801879883,
    "세계사-미술": 0.7322316765785217,
    "세계사-종교학": 0.7360367178916931,
    "세계사-독일어Ⅰ": 0.7100746631622314,
    "세계사-한문Ⅰ": 0.7527744770050049,
    "세계사-철학": 0.7161688208580017,
    "세계사-영어Ⅰ": 0.7419253587722778,
    "세계사-생활과윤리": 0.6989815831184387,
    "세계사-수학Ⅰ": 0.7520983219146729,
    "세계사-교육학": 0.7758423089981079,
    "세계사-한국지리": 0.7390340566635132,
    "세계사-동아시아사": 0.8673794269561768,
    "세계사-확률과통계": 0.7558701634407043,
    "세계사-심리학": 0.7350033521652222,
    "미술-종교학": 0.789609432220459,
    "미술-독일어Ⅰ": 0.7502214908599854,
    "미술-한문Ⅰ": 0.7482682466506958,
    "미술-철학": 0.695616602897644,
    "미술-영어Ⅰ": 0.8148992657661438,
    "미술-생활과윤리": 0.7313556671142578,
    "미술-수학Ⅰ": 0.7683514356613159,
    "미술-교육학": 0.7003268003463745,
    "미술-한국지리": 0.7009007930755615,
    "미술-동아시아사": 0.7856836318969727,
    "미술-확률과통계": 0.7678725719451904,
    "미술-심리학": 0.7751210331916809,
    "종교학-독일어Ⅰ": 0.7742773294448853,
    "종교학-한문Ⅰ": 0.7507953643798828,
    "종교학-철학": 0.6988523602485657,
    "종교학-영어Ⅰ": 0.8269751071929932,
    "종교학-생활과윤리": 0.7727091908454895,
    "종교학-수학Ⅰ": 0.7787728309631348,
    "종교학-교육학": 0.7101804614067078,
    "종교학-한국지리": 0.8006235361099243,
    "종교학-동아시아사": 0.8000630140304565,
    "종교학-확률과통계": 0.7770832777023315,
    "종교학-심리학": 0.7899172902107239,
    "독일어Ⅰ-한문Ⅰ": 0.7547527551651001,
    "독일어Ⅰ-철학": 0.610322117805481,
    "독일어Ⅰ-영어Ⅰ": 0.8147028088569641,
    "독일어Ⅰ-생활과윤리": 0.6880803108215332,
    "독일어Ⅰ-수학Ⅰ": 0.786338746547699,
    "독일어Ⅰ-교육학": 0.6876817941665649,
    "독일어Ⅰ-한국지리": 0.7702819108963013,
    "독일어Ⅰ-동아시아사": 0.7370182275772095,
    "독일어Ⅰ-확률과통계": 0.7874566316604614,
    "독일어Ⅰ-심리학": 0.7173619270324707,
    "한문Ⅰ-철학": 0.693132758140564,
    "한문Ⅰ-영어Ⅰ": 0.8145309686660767,
    "한문Ⅰ-생활과윤리": 0.741752028465271,
    "한문Ⅰ-수학Ⅰ": 0.7489197254180908,
    "한문Ⅰ-교육학": 0.7284985780715942,
    "한문Ⅰ-한국지리": 0.7354713082313538,
    "한문Ⅰ-동아시아사": 0.8138648271560669,
    "한문Ⅰ-확률과통계": 0.7509733438491821,
    "한문Ⅰ-심리학": 0.7448773384094238,
    "철학-영어Ⅰ": 0.7193509340286255,
    "철학-생활과윤리": 0.7479561567306519,
    "철학-수학Ⅰ": 0.6662826538085938,
    "철학-교육학": 0.7864193916320801,
    "철학-한국지리": 0.676220178604126,
    "철학-동아시아사": 0.7330223321914673,
    "철학-확률과통계": 0.6652474999427795,
    "철학-심리학": 0.8186454772949219,
    "영어Ⅰ-생활과윤리": 0.8003696203231812,
    "영어Ⅰ-수학Ⅰ": 0.9141358137130737,
    "영어Ⅰ-교육학": 0.7897815704345703,
    "영어Ⅰ-한국지리": 0.8170819282531738,
    "영어Ⅰ-동아시아사": 0.8254660964012146,
    "영어Ⅰ-확률과통계": 0.9125169515609741,
    "영어Ⅰ-심리학": 0.8649395704269409,
    "생활과윤리-수학Ⅰ": 0.7467365860939026,
    "생활과윤리-교육학": 0.7246614694595337,
    "생활과윤리-한국지리": 0.695559561252594,
    "생활과윤리-동아시아사": 0.7771393060684204,
    "생활과윤리-확률과통계": 0.7462242841720581,
    "생활과윤리-심리학": 0.8183430433273315,
    "수학Ⅰ-교육학": 0.791837215423584,
    "수학Ⅰ-한국지리": 0.7938119769096375,
    "수학Ⅰ-동아시아사": 0.8025334477424622,
    "수학Ⅰ-확률과통계": 0.999411940574646,
    "수학Ⅰ-심리학": 0.7966545820236206,
    "교육학-한국지리": 0.7190042734146118,
    "교육학-동아시아사": 0.7781549692153931,
    "교육학-확률과통계": 0.7929307222366333,
    "교육학-심리학": 0.77764493227005,
    "한국지리-동아시아사": 0.7758085131645203,
    "한국지리-확률과통계": 0.7925899028778076,
    "한국지리-심리학": 0.7559670209884644,
    "동아시아사-확률과통계": 0.8054567575454712,
    "동아시아사-심리학": 0.8034213781356812,
    "확률과통계-심리학": 0.7961694598197937
}