{
    "논리학": 0.5570551753044128,
    "사회문제탐구": 0.7200595736503601,
    "고전읽기": 0.7325494289398193,
    "세계문제와미래사회": 0.6292937994003296,
    "영어Ⅱ": 0.7054119110107422,
    "고전과윤리": 0.6842103004455566,
    "미술감상과비평": 0.7090279459953308,
    "미술창작": 0.6594939231872559,
    "수학": 0.6535001397132874,
    "비교문화": 0.7263995409011841,
    "사회과제연구": 0.7413232326507568,
    "윤리와사상": 0.6920804977416992,
    "통합사회": 0.6900702714920044,
    "수학Ⅱ": 0.671108067035675,
    "세계사": 0.6379255652427673,
    "과학탐구실험": 0.6740174293518066,
    "여행지리": 0.6725379228591919,
    "미술사": 0.772179126739502,
    "미술": 0.6947603225708008,
    "종교학": 0.6656315326690674,
    "한문Ⅱ": 0.6830095052719116,
    "독일어Ⅰ": 0.5883661508560181,
    "한문Ⅰ": 0.6830095052719116,
    "미술이론": 0.7882910966873169,
    "사회탐구방법": 0.6585897207260132,
    "현대세계의변화": 0.707737147808075,
    "철학": 0.576265811920166,
    "영어Ⅰ": 0.6871949434280396,
    "생활과윤리": 0.639499306678772,
    "수학Ⅰ": 0.6731363534927368,
    "통합과학": 0.666570246219635,
    "교육학": 0.6082555055618286,
    "드로잉": 0.7820696830749512,
    "한국지리": 0.6187514662742615,
    "미술전공실기": 0.7635512351989746,
    "국어": 0.6398717761039734,
    "동아시아사": 0.7284003496170044,
    "지역이해": 0.7012333869934082,
    "한국사회의이해": 0.7088704109191895,
    "확률과통계": 0.6741905212402344,
    "심리학": 0.6548670530319214,
    "한국사": 0.6477059125900269,
    "영어": 0.6520616412162781
}