{
    "미술감상과비평": 5.559683799743652,
    "미술창작": 6.000585079193115,
    "윤리와사상": 7.763145923614502,
    "미술": 6.124241828918457,
    "철학": 5.746160507202148,
    "생활과윤리": 6.0775957107543945,
    "교육학": 5.710940361022949,
    "심리학": 6.404231071472168,
    "영어Ⅱ": 0.8841497302055359,
    "수학Ⅱ": 0.48122212290763855,
    "세계사": 1.5086208581924438,
    "한문Ⅰ": 0.9260278940200806,
    "영어Ⅰ": 0.873199999332428,
    "수학Ⅰ": 0.48236075043678284,
    "한국지리": 0.9051833152770996,
    "동아시아사": 1.5279924869537354,
    "확률과통계": 0.4835725426673889,
    "논리학": 0.4935493469238281,
    "종교학": 0.5805237293243408,
    "독일어Ⅰ": 0.37395116686820984
}