{
    "미술감상과비평": 5.559683799743652,
    "미술창작": 6.000585079193115,
    "수학": 7.6735639572143555,
    "윤리와사상": 7.763145923614502,
    "통합사회": 7.643245220184326,
    "과학탐구실험": 6.658848762512207,
    "미술사": 6.476921081542969,
    "미술": 6.124241828918457,
    "미술이론": 6.5742597579956055,
    "철학": 5.746160507202148,
    "생활과윤리": 6.0775957107543945,
    "통합과학": 7.591639041900635,
    "교육학": 5.710940361022949,
    "국어": 7.262293815612793,
    "심리학": 6.404231071472168,
    "한국사": 7.709092617034912,
    "영어": 7.506399631500244,
    "사회문제탐구": 1.4242641925811768,
    "고전읽기": 0.8784290552139282,
    "영어Ⅱ": 0.8841497302055359,
    "고전과윤리": 0.8989525437355042,
    "비교문화": 1.5301928520202637,
    "사회과제연구": 0.8531507253646851,
    "수학Ⅱ": 0.48122212290763855,
    "세계사": 1.5086208581924438,
    "여행지리": 1.4543133974075317,
    "한문Ⅱ": 0.9260278940200806,
    "한문Ⅰ": 0.9260278940200806,
    "사회탐구방법": 0.7938632369041443,
    "현대세계의변화": 1.5349700450897217,
    "영어Ⅰ": 0.873199999332428,
    "수학Ⅰ": 0.48236075043678284,
    "한국지리": 0.9051833152770996,
    "동아시아사": 1.5279924869537354,
    "지역이해": 1.3088573217391968,
    "한국사회의이해": 0.9600085020065308,
    "확률과통계": 0.4835725426673889,
    "논리학": 0.4935493469238281,
    "세계문제와미래사회": 0.5786256790161133,
    "종교학": 0.5805237293243408,
    "독일어Ⅰ": 0.37395116686820984,
    "드로잉": 2.347572088241577,
    "미술전공실기": 2.224520683288574
}