{
    "수학": 7.6735639572143555,
    "통합사회": 7.643245220184326,
    "과학탐구실험": 6.658848762512207,
    "통합과학": 7.591639041900635,
    "국어": 7.262293815612793,
    "한국사": 7.709092617034912,
    "영어": 7.506399631500244
}