{
    "수학": 0.6535001397132874,
    "통합사회": 0.6900702714920044,
    "과학탐구실험": 0.6740174293518066,
    "통합과학": 0.666570246219635,
    "국어": 0.6398717761039734,
    "한국사": 0.6477059125900269,
    "영어": 0.6520616412162781
}